id,Nombre,Categoria,Descripcion
1,Heartbeats (Kohtaamisia),Comedy|Drama,loprem??¡?iCDDsumafr5359edlolxf54652waaad21dudupsvpqbbdf
2,"Hairdresser's Husband, The (Le mari de la coiffeuse)",Comedy|Drama|Romance,loprem??¡?iCDDsumafr9607edlolxf54652waaad21dudwvsdcqbbdf
3,Supermarket Woman (Sûpâ no onna),Comedy,loprem??¡?iCDDsumafr6161edlolxf54652waaad21dudhbxmzqbbdf
4,Eddie Izzard: Glorious,Comedy,loprem??¡?iCDDsumafr3076edlolxf54652waaad21dudrgqsjqbbdf
5,Maya Lin: A Strong Clear Vision,Documentary,loprem??¡?iCDDsumafr8220edlolxf54652waaad21dudwcxueqbbdf
6,Biutiful,Drama,loprem??¡?iCDDsumafr3480edlolxf54652waaad21dudskhpeqbbdf
7,"Code, The",Documentary,loprem??¡?iCDDsumafr3016edlolxf54652waaad21dudnomnwqbbdf
8,Sweet Nothing,Drama,loprem??¡?iCDDsumafr7523edlolxf54652waaad21duditkfjqbbdf
9,Never Cry Wolf,Adventure|Drama,loprem??¡?iCDDsumafr0067edlolxf54652waaad21dudnwgvdqbbdf
10,Hav Plenty,Comedy,loprem??¡?iCDDsumafr0370edlolxf54652waaad21dudwezboqbbdf
11,Rollerball,Action|Sci-Fi,loprem??¡?iCDDsumafr3080edlolxf54652waaad21duddupbcqbbdf
12,"His Secret Life (a.k.a. Ignorant Fairies, The) (Fate ignoranti, Le)",Drama|Romance,loprem??¡?iCDDsumafr5215edlolxf54652waaad21dudbbymdqbbdf
13,Dandelion,Drama,loprem??¡?iCDDsumafr3963edlolxf54652waaad21dudlihgbqbbdf
14,2 Days in Paris,Comedy|Drama|Romance,loprem??¡?iCDDsumafr9362edlolxf54652waaad21dudyqtssqbbdf
15,10 Years,Comedy|Drama|Romance,loprem??¡?iCDDsumafr1653edlolxf54652waaad21dudggflqqbbdf
16,"Private Affairs of Bel Ami, The",Drama,loprem??¡?iCDDsumafr2216edlolxf54652waaad21dudovadyqbbdf
17,Boy Meets Boy,Romance,loprem??¡?iCDDsumafr4555edlolxf54652waaad21dudgeacqqbbdf
18,"Carry On, Constable",Comedy,loprem??¡?iCDDsumafr4239edlolxf54652waaad21dudamkqqqbbdf
19,"Gentle Woman, A (Une femme douce)",Drama,loprem??¡?iCDDsumafr2669edlolxf54652waaad21dudmtdliqbbdf
20,Decision Before Dawn,Drama|War,loprem??¡?iCDDsumafr3596edlolxf54652waaad21dudpofjuqbbdf
21,Amores Perros (Love's a Bitch),Drama|Thriller,loprem??¡?iCDDsumafr0412edlolxf54652waaad21dududrwqqbbdf
22,Angel in My Pocket,Comedy,loprem??¡?iCDDsumafr8660edlolxf54652waaad21dudogudvqbbdf
23,All Dogs Go to Heaven 2,Adventure|Animation|Children|Fantasy|Musical|Romance,loprem??¡?iCDDsumafr7000edlolxf54652waaad21dudeswuhqbbdf
24,Sarraounia,Drama|War,loprem??¡?iCDDsumafr9848edlolxf54652waaad21dudhaabvqbbdf
25,Love's Long Journey,Drama|Romance|Western,loprem??¡?iCDDsumafr8335edlolxf54652waaad21dudusedjqbbdf
26,"Prince of Tides, The",Drama|Romance,loprem??¡?iCDDsumafr7112edlolxf54652waaad21dudehceyqbbdf
27,Eyes of an Angel,Drama,loprem??¡?iCDDsumafr8787edlolxf54652waaad21dudfbsrhqbbdf
28,Beneath the Rooftops of Paris (Sous les toits de Paris),Drama,loprem??¡?iCDDsumafr0147edlolxf54652waaad21dudsccmzqbbdf
29,Space Chimps,Adventure|Animation|Comedy,loprem??¡?iCDDsumafr6793edlolxf54652waaad21dudqgpcrqbbdf
30,Genius Within: The Inner Life of Glenn Gould,Documentary,loprem??¡?iCDDsumafr7636edlolxf54652waaad21dudsgcmhqbbdf
31,Shaun of the Dead,Comedy|Horror,loprem??¡?iCDDsumafr6677edlolxf54652waaad21dudxewhuqbbdf
32,I Am Bruce Lee,Documentary,loprem??¡?iCDDsumafr6429edlolxf54652waaad21dudaauvlqbbdf
33,Black and White,Drama,loprem??¡?iCDDsumafr8335edlolxf54652waaad21dudjcfxrqbbdf
34,"Hen, his wife",(no genres listed),loprem??¡?iCDDsumafr2703edlolxf54652waaad21dudkmrxyqbbdf
35,Bunny and the Bull,Adventure|Comedy|Drama,loprem??¡?iCDDsumafr1245edlolxf54652waaad21dudkhuylqbbdf
36,Super Sucker,Comedy,loprem??¡?iCDDsumafr3158edlolxf54652waaad21duddpukaqbbdf
37,"Turning Point, The",Drama|Romance,loprem??¡?iCDDsumafr5072edlolxf54652waaad21dudszgnxqbbdf
38,"Score, The",Action|Drama,loprem??¡?iCDDsumafr6187edlolxf54652waaad21duddiggtqbbdf
39,"Bonaerense, El",Action|Drama,loprem??¡?iCDDsumafr5005edlolxf54652waaad21dudalokhqbbdf
40,The Man Who Could Cheat Death,Horror|Sci-Fi,loprem??¡?iCDDsumafr5398edlolxf54652waaad21dudwzqkaqbbdf
41,Santa Claus,Children|Fantasy,loprem??¡?iCDDsumafr5969edlolxf54652waaad21duduewygqbbdf
42,"Great Texas Dynamite Chase, The",Action|Comedy|Crime|Drama|Romance,loprem??¡?iCDDsumafr6045edlolxf54652waaad21dudnqnaoqbbdf
43,"Secret, A (Un secret)",Drama|War,loprem??¡?iCDDsumafr6771edlolxf54652waaad21dudxlhlvqbbdf
44,Warlock,Romance|Western,loprem??¡?iCDDsumafr6935edlolxf54652waaad21dudcejnbqbbdf
45,Romeo and Juliet,Drama|Romance,loprem??¡?iCDDsumafr8307edlolxf54652waaad21dudpkobvqbbdf
46,"Ice Pirates, The",Action|Adventure|Comedy|Sci-Fi,loprem??¡?iCDDsumafr3621edlolxf54652waaad21dudbgfgvqbbdf
47,Alone for Christmas,Action|Children|Comedy|Fantasy,loprem??¡?iCDDsumafr4738edlolxf54652waaad21dudnvzfkqbbdf
48,Sunshine Cleaning,Comedy|Drama,loprem??¡?iCDDsumafr3853edlolxf54652waaad21dudcmenaqbbdf
49,"Return of Don Camillo, The (Retour de Don Camillo, Le)",Comedy,loprem??¡?iCDDsumafr3331edlolxf54652waaad21dudsbccsqbbdf
50,Last Exit to Brooklyn,Drama,loprem??¡?iCDDsumafr0250edlolxf54652waaad21dudmmhkgqbbdf
51,Things to Come,Sci-Fi,loprem??¡?iCDDsumafr9876edlolxf54652waaad21dudzpmyeqbbdf
52,100 Men and a Girl (One Hundred Men and a Girl),Comedy,loprem??¡?iCDDsumafr4676edlolxf54652waaad21dudjfolcqbbdf
53,Halloween is Grinch Night,Animation|Children,loprem??¡?iCDDsumafr1827edlolxf54652waaad21duduusdoqbbdf
54,"Cat's Meow, The",Drama|Thriller,loprem??¡?iCDDsumafr2160edlolxf54652waaad21dudbhlcvqbbdf
55,Sleep Dealer,Sci-Fi,loprem??¡?iCDDsumafr6695edlolxf54652waaad21dudkjmqoqbbdf
56,Bride of Chucky (Child's Play 4),Comedy|Horror|Thriller,loprem??¡?iCDDsumafr7850edlolxf54652waaad21duduvvnmqbbdf
57,Wonder Bar,Comedy|Crime|Drama|Musical|Romance,loprem??¡?iCDDsumafr1813edlolxf54652waaad21dudapzluqbbdf
58,Down Periscope,Comedy,loprem??¡?iCDDsumafr9527edlolxf54652waaad21dudijwqyqbbdf
59,The Man From The Alamo,Western,loprem??¡?iCDDsumafr6791edlolxf54652waaad21dudvqqhlqbbdf
60,"Sport, Sport, Sport",Comedy|Documentary,loprem??¡?iCDDsumafr7009edlolxf54652waaad21dudhrbkbqbbdf
61,Icon,Action|Adventure|Crime|Drama|Thriller,loprem??¡?iCDDsumafr4486edlolxf54652waaad21dudqfdjiqbbdf
62,"Pleasure Party (Partie de plaisir, Une) (Piece of Pleasure, A)",Drama,loprem??¡?iCDDsumafr2509edlolxf54652waaad21dudmpfqqqbbdf
63,Poison Ivy II,Drama|Thriller,loprem??¡?iCDDsumafr6878edlolxf54652waaad21dudioxidqbbdf
64,Article 99,Comedy|Drama,loprem??¡?iCDDsumafr7950edlolxf54652waaad21dudctceaqbbdf
65,Filthy Gorgeous: The Bob Guccione Story,Documentary,loprem??¡?iCDDsumafr4950edlolxf54652waaad21dudoczvqqbbdf
66,Joan of Paris,Drama|Romance|War,loprem??¡?iCDDsumafr1073edlolxf54652waaad21dudinixnqbbdf
67,Starflight: The Plane That Couldn't Land,Drama|Sci-Fi,loprem??¡?iCDDsumafr3041edlolxf54652waaad21dudhmagiqbbdf
68,National Lampoon's Cattle Call (Cattle Call),Comedy,loprem??¡?iCDDsumafr0024edlolxf54652waaad21dudouxlsqbbdf
69,Orders Signed in White,(no genres listed),loprem??¡?iCDDsumafr0231edlolxf54652waaad21dudwwixaqbbdf
70,"Balance, La",Action|Crime|Drama,loprem??¡?iCDDsumafr5218edlolxf54652waaad21dudgozebqbbdf
71,Thanks for Sharing,Comedy|Drama,loprem??¡?iCDDsumafr9997edlolxf54652waaad21dudhaeogqbbdf
72,O,Drama,loprem??¡?iCDDsumafr5732edlolxf54652waaad21dudsalekqbbdf
73,"Hot Rock, The",Comedy|Crime,loprem??¡?iCDDsumafr8375edlolxf54652waaad21dudqntzpqbbdf
74,Flubber,Children|Comedy|Fantasy,loprem??¡?iCDDsumafr9243edlolxf54652waaad21dudmebmvqbbdf
75,Extremities,Drama|Thriller,loprem??¡?iCDDsumafr9311edlolxf54652waaad21dudreciqqbbdf
76,Beneath the Valley of the Ultra-Vixens,Comedy,loprem??¡?iCDDsumafr5602edlolxf54652waaad21dudkfmriqbbdf
77,AmericanEast,Drama,loprem??¡?iCDDsumafr6143edlolxf54652waaad21dudevkyhqbbdf
78,The Phantom Light,Mystery|Thriller,loprem??¡?iCDDsumafr4105edlolxf54652waaad21dudquwnsqbbdf
79,Decoy,Crime|Drama|Film-Noir,loprem??¡?iCDDsumafr1295edlolxf54652waaad21dudzjyglqbbdf
80,"Happiness of the Katakuris, The (Katakuri-ke no kôfuku)",Comedy|Horror|Musical,loprem??¡?iCDDsumafr1457edlolxf54652waaad21dudhqcbnqbbdf
81,Food (Jídlo),Animation|Comedy|Fantasy,loprem??¡?iCDDsumafr7380edlolxf54652waaad21dudprovmqbbdf
82,Seconds Apart ,Horror|Thriller,loprem??¡?iCDDsumafr3165edlolxf54652waaad21dudiqbqcqbbdf
83,Green Tea (Lü cha),Drama|Romance,loprem??¡?iCDDsumafr5932edlolxf54652waaad21dudggeuuqbbdf
84,Monsters,Drama|Sci-Fi,loprem??¡?iCDDsumafr2061edlolxf54652waaad21dudttthfqbbdf
85,Trial by Jury,Crime|Drama|Thriller,loprem??¡?iCDDsumafr6801edlolxf54652waaad21dudviygtqbbdf
86,Crimi Clowns: De Movie,Comedy|Crime|Drama,loprem??¡?iCDDsumafr8972edlolxf54652waaad21dudyfmpzqbbdf
87,Playing the Victim (Izobrazhaya zhertvu),Comedy,loprem??¡?iCDDsumafr2616edlolxf54652waaad21dudqurvcqbbdf
88,Tyler Perry's The Family That Preys,Drama,loprem??¡?iCDDsumafr4342edlolxf54652waaad21duduuuawqbbdf
89,From the Life of the Marionettes (Aus dem Leben der Marionetten) ,Drama,loprem??¡?iCDDsumafr1865edlolxf54652waaad21dudbuatoqbbdf
90,The... Beautiful Country,Comedy|Drama,loprem??¡?iCDDsumafr9822edlolxf54652waaad21dudrbxslqbbdf
91,Interior. Leather Bar.,Drama,loprem??¡?iCDDsumafr0819edlolxf54652waaad21dudnicwyqbbdf
92,B.T.K.,Crime|Drama|Horror|Mystery|Thriller,loprem??¡?iCDDsumafr8255edlolxf54652waaad21dudunckqqbbdf
93,So Proudly We Hail!,Drama|Romance|War,loprem??¡?iCDDsumafr2867edlolxf54652waaad21dudcxknoqbbdf
94,Slave Ship,Adventure|Drama,loprem??¡?iCDDsumafr3020edlolxf54652waaad21dudrfgosqbbdf
95,Frontière(s),Drama|Horror|Thriller,loprem??¡?iCDDsumafr5605edlolxf54652waaad21dudfefiuqbbdf
96,Common,Crime|Drama,loprem??¡?iCDDsumafr1735edlolxf54652waaad21dudtiozeqbbdf
97,Boys' Night Out,Comedy,loprem??¡?iCDDsumafr3144edlolxf54652waaad21dudhnmnyqbbdf
98,Adam and Eve (Adão e Eva),Drama,loprem??¡?iCDDsumafr1714edlolxf54652waaad21dudkgipwqbbdf
99,Life as a House,Drama,loprem??¡?iCDDsumafr9586edlolxf54652waaad21dudtilqnqbbdf
100,Let's Scare Jessica to Death,Horror|Mystery,loprem??¡?iCDDsumafr2162edlolxf54652waaad21duddjudlqbbdf
101,Richie Rich,Children|Comedy,loprem??¡?iCDDsumafr3529edlolxf54652waaad21dudspbrlqbbdf
102,Double Take,Action|Comedy,loprem??¡?iCDDsumafr1910edlolxf54652waaad21dudrxobgqbbdf
103,Blood Wedding (Bodas de sangre),Drama|Musical|Romance,loprem??¡?iCDDsumafr3554edlolxf54652waaad21dudjqajzqbbdf
104,Denise Calls Up,Comedy,loprem??¡?iCDDsumafr5767edlolxf54652waaad21dudqsevmqbbdf
105,Young Ones,Drama|Sci-Fi|Western,loprem??¡?iCDDsumafr2098edlolxf54652waaad21dudrcupfqbbdf
106,Commandos Strike at Dawn,Drama|War,loprem??¡?iCDDsumafr0400edlolxf54652waaad21dudldkcqqbbdf
107,Once You're Born You Can No Longer Hide (Quando sei nato non puoi più nasconderti),Adventure|Drama,loprem??¡?iCDDsumafr2736edlolxf54652waaad21dudtpifmqbbdf
108,Michael,Drama|Thriller,loprem??¡?iCDDsumafr5147edlolxf54652waaad21dudsmcokqbbdf
109,Primer,Drama|Sci-Fi,loprem??¡?iCDDsumafr2716edlolxf54652waaad21dudszpwsqbbdf
110,Lesbian Vampire Killers,Action|Comedy|Horror,loprem??¡?iCDDsumafr1401edlolxf54652waaad21duduymbnqbbdf
111,"Corbeau, Le (Raven, The)",Crime|Drama|Thriller,loprem??¡?iCDDsumafr9639edlolxf54652waaad21dudpzcblqbbdf
112,Rushmore,Comedy|Drama,loprem??¡?iCDDsumafr0591edlolxf54652waaad21dudrycqgqbbdf
113,Vincere,Drama|Romance,loprem??¡?iCDDsumafr7273edlolxf54652waaad21dudyfakuqbbdf
114,Appleseed Alpha,Action|Animation|Sci-Fi,loprem??¡?iCDDsumafr5758edlolxf54652waaad21dudxqyedqbbdf
115,Deadly Circuit (Mortelle randonnée),Crime|Mystery|Thriller,loprem??¡?iCDDsumafr5569edlolxf54652waaad21dudaltgmqbbdf
116,Deceiver,Crime|Drama|Thriller,loprem??¡?iCDDsumafr1649edlolxf54652waaad21dudzzigeqbbdf
117,Home Fries,Comedy|Romance,loprem??¡?iCDDsumafr0251edlolxf54652waaad21dudokaoyqbbdf
118,"Other Guys, The",Action|Comedy,loprem??¡?iCDDsumafr6111edlolxf54652waaad21dudbgydnqbbdf
119,StreetDance 3D,Drama|Romance,loprem??¡?iCDDsumafr9405edlolxf54652waaad21dudfqvhsqbbdf
120,"Killers, The",Crime|Film-Noir,loprem??¡?iCDDsumafr2921edlolxf54652waaad21dudqhdobqbbdf
121,Gone Baby Gone,Crime|Drama|Mystery,loprem??¡?iCDDsumafr2294edlolxf54652waaad21dudavaxtqbbdf
122,"Target Shoots First, The",Comedy|Drama,loprem??¡?iCDDsumafr5849edlolxf54652waaad21dudgtlnzqbbdf
123,"Merchant of Venice, The",Comedy|Drama,loprem??¡?iCDDsumafr6627edlolxf54652waaad21dudyqvxlqbbdf
124,Ambush (Mai fu),Action|Adventure,loprem??¡?iCDDsumafr2738edlolxf54652waaad21dudxpujlqbbdf
125,Night Tide,Drama,loprem??¡?iCDDsumafr8066edlolxf54652waaad21dudctpvpqbbdf
126,"Monitor, The (Babycall)",Horror|Thriller,loprem??¡?iCDDsumafr8352edlolxf54652waaad21duditkxyqbbdf
127,Up in Smoke,Comedy,loprem??¡?iCDDsumafr1429edlolxf54652waaad21dudhuryhqbbdf
128,Storm Warning,Crime|Drama,loprem??¡?iCDDsumafr2977edlolxf54652waaad21duddiwkpqbbdf
129,Seizure,Horror,loprem??¡?iCDDsumafr7283edlolxf54652waaad21dudlghwfqbbdf
130,Crossover,Action|Drama,loprem??¡?iCDDsumafr7728edlolxf54652waaad21dudrgimpqbbdf
131,"Hunters, The",Drama|War,loprem??¡?iCDDsumafr6582edlolxf54652waaad21dudbzivjqbbdf
132,Is Anybody There?,Drama,loprem??¡?iCDDsumafr7656edlolxf54652waaad21dudevdzaqbbdf
133,"Girl on the Train, The",Thriller,loprem??¡?iCDDsumafr6106edlolxf54652waaad21dudfjdgfqbbdf
134,Miss Congeniality,Comedy|Crime,loprem??¡?iCDDsumafr5385edlolxf54652waaad21dudetdgjqbbdf
135,Dadetown,Drama,loprem??¡?iCDDsumafr4525edlolxf54652waaad21dudnxmnaqbbdf
136,Laurel Canyon,Drama,loprem??¡?iCDDsumafr9854edlolxf54652waaad21dudbybweqbbdf
137,Gone Baby Gone,Crime|Drama|Mystery,loprem??¡?iCDDsumafr5963edlolxf54652waaad21duduvkiqqbbdf
138,Disclosure,Drama|Thriller,loprem??¡?iCDDsumafr9596edlolxf54652waaad21dudmxorfqbbdf
139,"Battle of the Sexes, The",Comedy,loprem??¡?iCDDsumafr3213edlolxf54652waaad21dudygsqkqbbdf
140,Born to Be Bad,Drama|Romance,loprem??¡?iCDDsumafr3131edlolxf54652waaad21dudtqkcaqbbdf
141,"Secret Lives of Dentists, The",Drama,loprem??¡?iCDDsumafr0616edlolxf54652waaad21dudmzbdyqbbdf
142,Crossing the Bridge: The Sound of Istanbul,Documentary|Musical,loprem??¡?iCDDsumafr6951edlolxf54652waaad21dudixzsdqbbdf
143,"Night Out, A",Comedy,loprem??¡?iCDDsumafr3936edlolxf54652waaad21dudxdmkbqbbdf
144,Albino Alligator,Crime|Thriller,loprem??¡?iCDDsumafr3999edlolxf54652waaad21dudpwistqbbdf
145,Beautiful Darling,Documentary,loprem??¡?iCDDsumafr0157edlolxf54652waaad21dudmunflqbbdf
146,"TV Set, The",Comedy|Drama,loprem??¡?iCDDsumafr2115edlolxf54652waaad21dudmgjezqbbdf
147,Satin Rouge,Drama|Musical,loprem??¡?iCDDsumafr8518edlolxf54652waaad21dudrbqqcqbbdf
148,"Moment to Remember, A (Nae meorisokui jiwoogae)",Drama|Romance,loprem??¡?iCDDsumafr2831edlolxf54652waaad21dudobxodqbbdf
149,Hondo,Western,loprem??¡?iCDDsumafr6152edlolxf54652waaad21dudjommlqbbdf
150,LOL,Comedy|Drama|Romance,loprem??¡?iCDDsumafr9703edlolxf54652waaad21dudsjtflqbbdf
151,Wrongfully Accused,Action|Comedy,loprem??¡?iCDDsumafr3320edlolxf54652waaad21duddzuloqbbdf
152,Saint Joan,Drama,loprem??¡?iCDDsumafr1438edlolxf54652waaad21dudmmcrxqbbdf
153,Eaten Alive,Horror,loprem??¡?iCDDsumafr4044edlolxf54652waaad21dudvdpcbqbbdf
154,Doctor X,Horror|Thriller,loprem??¡?iCDDsumafr5397edlolxf54652waaad21dudilaecqbbdf
155,Paperman,Animation|Comedy|Romance,loprem??¡?iCDDsumafr3529edlolxf54652waaad21dudamgzoqbbdf
156,Sex & the Other Man,Comedy|Drama,loprem??¡?iCDDsumafr0261edlolxf54652waaad21dudjrdjbqbbdf
157,Godzilla vs. Gigan (Chikyû kogeki meirei: Gojira tai Gaigan),Action|Adventure|Horror,loprem??¡?iCDDsumafr1950edlolxf54652waaad21dudpdvygqbbdf
158,Heaven Is for Real,Drama,loprem??¡?iCDDsumafr5549edlolxf54652waaad21duddtzlcqbbdf
159,Kummelin jackpot,Comedy,loprem??¡?iCDDsumafr5933edlolxf54652waaad21duduompzqbbdf
160,Six in Paris (Paris vu par...),Drama|Romance,loprem??¡?iCDDsumafr8661edlolxf54652waaad21dudtmisjqbbdf
161,Red Heat,Thriller,loprem??¡?iCDDsumafr1403edlolxf54652waaad21dudzyczmqbbdf
162,Sky West and Crooked (Gypsy Girl),Drama|Romance,loprem??¡?iCDDsumafr0098edlolxf54652waaad21dudeekphqbbdf
163,Hearts of Darkness: A Filmmakers Apocalypse,Documentary,loprem??¡?iCDDsumafr8418edlolxf54652waaad21dudypajqqbbdf
164,Song of the Exile (Ke tu qiu hen),Drama,loprem??¡?iCDDsumafr1950edlolxf54652waaad21dudydxmpqbbdf
165,The Face of Love,Drama|Romance,loprem??¡?iCDDsumafr4299edlolxf54652waaad21dudrevxcqbbdf
166,Julien Donkey-Boy,Drama,loprem??¡?iCDDsumafr4588edlolxf54652waaad21dudklvveqbbdf
167,"Circus, The",Comedy,loprem??¡?iCDDsumafr0123edlolxf54652waaad21dudlrncyqbbdf
168,Red's Dream,Animation|Children,loprem??¡?iCDDsumafr3208edlolxf54652waaad21dudunqpmqbbdf
169,"Big Mommas: Like Father, Like Son",Comedy,loprem??¡?iCDDsumafr3233edlolxf54652waaad21dudpgdnzqbbdf
170,Great Directors,Documentary,loprem??¡?iCDDsumafr9057edlolxf54652waaad21dudmzxcgqbbdf
171,Death Racers,Action|Adventure|Comedy|Sci-Fi|Thriller,loprem??¡?iCDDsumafr1785edlolxf54652waaad21dudvdjqjqbbdf
172,Mike Birbiglia: My Girlfriend's Boyfriend,Comedy,loprem??¡?iCDDsumafr7783edlolxf54652waaad21dudqfsjkqbbdf
173,Sister Street Fighter (Onna hissatsu ken),Action|Drama,loprem??¡?iCDDsumafr6980edlolxf54652waaad21dudyekjjqbbdf
174,Szamanka,Drama|Horror|Mystery,loprem??¡?iCDDsumafr8752edlolxf54652waaad21dudbfxbdqbbdf
175,Method to the Madness of Jerry Lewis,Documentary,loprem??¡?iCDDsumafr6507edlolxf54652waaad21dudzxvyqqbbdf
176,How to Succeed in Business Without Really Trying,Comedy|Musical,loprem??¡?iCDDsumafr3487edlolxf54652waaad21dudtizocqbbdf
177,You Were Never Lovelier,Comedy|Musical|Romance,loprem??¡?iCDDsumafr1022edlolxf54652waaad21dudiefrnqbbdf
178,Jauja,Drama|Western,loprem??¡?iCDDsumafr3151edlolxf54652waaad21dudqfhjvqbbdf
179,Blind,Drama,loprem??¡?iCDDsumafr9455edlolxf54652waaad21dudpcaivqbbdf
180,"Other Side of the Bed, The (Otro lado de la cama, El)",Comedy|Drama|Musical|Romance,loprem??¡?iCDDsumafr9339edlolxf54652waaad21dudxldxmqbbdf
181,"Gathering, The",Horror|Mystery|Thriller,loprem??¡?iCDDsumafr6332edlolxf54652waaad21dudbcivjqbbdf
182,Morsian yllättää,Comedy,loprem??¡?iCDDsumafr2373edlolxf54652waaad21dudvqrfjqbbdf
183,Curse of the Golden Flower (Man cheng jin dai huang jin jia),Action|Drama,loprem??¡?iCDDsumafr6129edlolxf54652waaad21duddpuewqbbdf
184,Bounty Hunters (Bail Enforcers),Action,loprem??¡?iCDDsumafr2801edlolxf54652waaad21dudmuoeeqbbdf
185,"Hawk Is Dying, The",Drama,loprem??¡?iCDDsumafr9619edlolxf54652waaad21dudgijonqbbdf
186,Do We Really Need the Moon?,Documentary,loprem??¡?iCDDsumafr4436edlolxf54652waaad21dudnotwtqbbdf
187,"Nun, The (La monja) ",Horror|Thriller,loprem??¡?iCDDsumafr2031edlolxf54652waaad21dudaxcxvqbbdf
188,"Star Is Born, A",Drama|Musical,loprem??¡?iCDDsumafr4927edlolxf54652waaad21dudjmumyqbbdf
189,Thirty-Five Something (Tout pour plaire),Comedy,loprem??¡?iCDDsumafr8527edlolxf54652waaad21dudqjwvxqbbdf
190,Return to Snowy River (a.k.a. The Man From Snowy River II),Adventure|Drama|Western,loprem??¡?iCDDsumafr3757edlolxf54652waaad21dudcbrjoqbbdf
191,Champagne for Caesar,Comedy,loprem??¡?iCDDsumafr8336edlolxf54652waaad21dudbfjnhqbbdf
192,Straight Shooting,Western,loprem??¡?iCDDsumafr0476edlolxf54652waaad21dudpgazlqbbdf
193,Dr. Akagi (Kanzo sensei),Comedy|Drama|War,loprem??¡?iCDDsumafr4917edlolxf54652waaad21dudzqfdjqbbdf
194,Miracle in Milan (Miracolo a Milano),Comedy|Drama|Fantasy,loprem??¡?iCDDsumafr7005edlolxf54652waaad21dudkaoizqbbdf
195,Blonde and Blonder,Comedy|Crime,loprem??¡?iCDDsumafr3579edlolxf54652waaad21dudcwsxuqbbdf
196,"Flaw, The",Documentary,loprem??¡?iCDDsumafr6696edlolxf54652waaad21dudhpxmcqbbdf
197,You Can't Take It with You,Comedy|Romance,loprem??¡?iCDDsumafr5966edlolxf54652waaad21dudfnpctqbbdf
198,Heimat - A Chronicle of Germany (Heimat - Eine deutsche Chronik),Drama,loprem??¡?iCDDsumafr9296edlolxf54652waaad21dudqjebbqbbdf
199,Warrendale,Documentary,loprem??¡?iCDDsumafr4731edlolxf54652waaad21dudwlqliqbbdf
200,"Last Time, The",Comedy|Drama|Romance,loprem??¡?iCDDsumafr6638edlolxf54652waaad21dudbhpzcqbbdf
201,"Golden Age, The (Âge d'Or, L')",Comedy|Drama|Romance,loprem??¡?iCDDsumafr5485edlolxf54652waaad21dudcfvicqbbdf
202,Ash Wednesday,Crime|Drama,loprem??¡?iCDDsumafr7074edlolxf54652waaad21dudvweryqbbdf
203,Possession,Drama|Horror,loprem??¡?iCDDsumafr8071edlolxf54652waaad21dudoakwiqbbdf
204,Juwanna Mann,Comedy,loprem??¡?iCDDsumafr1427edlolxf54652waaad21dudefalrqbbdf
205,"Warlords, The (Tau ming chong)",Action|Drama|War,loprem??¡?iCDDsumafr7561edlolxf54652waaad21dudfroezqbbdf
206,Stardust,Drama,loprem??¡?iCDDsumafr8459edlolxf54652waaad21dudkpqffqbbdf
207,"Ghost Ship, The",Drama|Mystery|Thriller,loprem??¡?iCDDsumafr1189edlolxf54652waaad21dudoaaguqbbdf
208,Shiloh,Children|Drama,loprem??¡?iCDDsumafr4986edlolxf54652waaad21dudruyyhqbbdf
209,Ararat,Drama|War,loprem??¡?iCDDsumafr7719edlolxf54652waaad21dudyvbcgqbbdf
210,Yellow,Comedy|Drama,loprem??¡?iCDDsumafr6618edlolxf54652waaad21dudhwuioqbbdf
211,Dangerous Corner,Mystery,loprem??¡?iCDDsumafr8324edlolxf54652waaad21dudbcbynqbbdf
212,Flakes,Comedy,loprem??¡?iCDDsumafr9035edlolxf54652waaad21dudxrowmqbbdf
213,Alpha Dog,Crime|Drama,loprem??¡?iCDDsumafr4263edlolxf54652waaad21dudcumkmqbbdf
214,"Grave Decisions (Wer früher stirbt, ist länger tot)",Comedy|Drama,loprem??¡?iCDDsumafr1871edlolxf54652waaad21dudburegqbbdf
215,All Access,Documentary|Musical|IMAX,loprem??¡?iCDDsumafr6598edlolxf54652waaad21dudcnbzoqbbdf
216,Riding Alone for Thousands of Miles (Qian li zou dan qi),Drama,loprem??¡?iCDDsumafr1573edlolxf54652waaad21dudgqieiqbbdf
217,Frozen Days,Drama|Mystery|Thriller,loprem??¡?iCDDsumafr8173edlolxf54652waaad21dudvickoqbbdf
218,Megiddo: The Omega Code 2,Action|Adventure|Fantasy|Sci-Fi|Thriller,loprem??¡?iCDDsumafr8468edlolxf54652waaad21dudijfiaqbbdf
219,Ballad of the Little Soldier (Ballade vom kleinen Soldaten),Documentary,loprem??¡?iCDDsumafr1688edlolxf54652waaad21dudnjtppqbbdf
220,National Gallery,Documentary,loprem??¡?iCDDsumafr8140edlolxf54652waaad21dudpnnxrqbbdf
221,"Acid House, The",Comedy|Drama,loprem??¡?iCDDsumafr4419edlolxf54652waaad21dudyxqzpqbbdf
222,Tabloid,Documentary,loprem??¡?iCDDsumafr0668edlolxf54652waaad21dudrkdvaqbbdf
223,Lethal Weapon 2,Action|Comedy|Crime|Drama,loprem??¡?iCDDsumafr3894edlolxf54652waaad21duddmvegqbbdf
224,GoldenEye,Action|Adventure|Thriller,loprem??¡?iCDDsumafr3045edlolxf54652waaad21dudttvzzqbbdf
225,To Be Takei,Documentary,loprem??¡?iCDDsumafr5745edlolxf54652waaad21dudduyezqbbdf
226,"Express, The",Drama,loprem??¡?iCDDsumafr9205edlolxf54652waaad21duddadvcqbbdf
227,Ossessione,Drama,loprem??¡?iCDDsumafr1796edlolxf54652waaad21dudfsmklqbbdf
228,Distant Drums,Action|Romance|Western,loprem??¡?iCDDsumafr6845edlolxf54652waaad21dudtfqqgqbbdf
229,Matchstick Men,Comedy|Crime|Drama,loprem??¡?iCDDsumafr6365edlolxf54652waaad21dudhcxcbqbbdf
230,Tokyo Sonata,Drama,loprem??¡?iCDDsumafr3672edlolxf54652waaad21dudshsmoqbbdf
231,Nightwatch,Horror|Thriller,loprem??¡?iCDDsumafr0261edlolxf54652waaad21dudngmbdqbbdf
232,Wichita,Action|Romance|Western,loprem??¡?iCDDsumafr8962edlolxf54652waaad21dudifijlqbbdf
233,Suomisen Olli yllättää,Drama,loprem??¡?iCDDsumafr5270edlolxf54652waaad21dudtlyofqbbdf
234,"Sword and the Sorcerer, The",Action|Adventure|Fantasy,loprem??¡?iCDDsumafr2546edlolxf54652waaad21dudxcojyqbbdf
235,"Best of Times, The (Mei li shi guang)",Crime|Drama|Thriller,loprem??¡?iCDDsumafr5346edlolxf54652waaad21dudbkeegqbbdf
236,Meek's Cutoff,Western,loprem??¡?iCDDsumafr9778edlolxf54652waaad21dudgjxwsqbbdf
237,Gun Shy,Comedy,loprem??¡?iCDDsumafr2621edlolxf54652waaad21dudidwbcqbbdf
238,My Friend Ivan Lapshin (Moy drug Ivan Lapshin),Drama,loprem??¡?iCDDsumafr6782edlolxf54652waaad21dudipalhqbbdf
239,First Men in the Moon,Adventure|Sci-Fi,loprem??¡?iCDDsumafr6002edlolxf54652waaad21dudsrsldqbbdf
240,Rahtree: Flower of the Night (Buppha Rahtree),Comedy|Drama|Horror|Thriller,loprem??¡?iCDDsumafr0024edlolxf54652waaad21dudwuyqoqbbdf
241,Summer Rental,Comedy,loprem??¡?iCDDsumafr2807edlolxf54652waaad21dudfchvhqbbdf
242,Clara's Heart,Drama,loprem??¡?iCDDsumafr2386edlolxf54652waaad21dudpppefqbbdf
243,"Strayed (égarés, Les)",Drama|Romance,loprem??¡?iCDDsumafr0545edlolxf54652waaad21dudttjwmqbbdf
244,"Weekend It Lives, The (Ax 'Em)",Horror,loprem??¡?iCDDsumafr9145edlolxf54652waaad21dudhyuntqbbdf
245,Night of the Living Dead 3D,Adventure|Comedy|Fantasy|Horror,loprem??¡?iCDDsumafr9147edlolxf54652waaad21dudymmleqbbdf
246,Alex and Emma,Comedy|Drama|Romance,loprem??¡?iCDDsumafr7849edlolxf54652waaad21dudfocngqbbdf
247,"Carpetbaggers, The",Drama,loprem??¡?iCDDsumafr7213edlolxf54652waaad21dudzgocaqbbdf
248,Citizen Dog (Mah nakorn),Comedy|Fantasy|Romance,loprem??¡?iCDDsumafr3480edlolxf54652waaad21dudzxwtwqbbdf
249,Black Hawk Down,Action|Drama|War,loprem??¡?iCDDsumafr4799edlolxf54652waaad21dudzefgaqbbdf
250,Blackrock,Drama|Thriller,loprem??¡?iCDDsumafr9422edlolxf54652waaad21dudcvnjvqbbdf
251,Unstrung Heroes,Comedy|Drama,loprem??¡?iCDDsumafr3993edlolxf54652waaad21dudzlnqdqbbdf
252,Outsider,Drama,loprem??¡?iCDDsumafr7952edlolxf54652waaad21dudxiuwnqbbdf
253,"Royal Affair, A (Kongelig affære, En)",Drama|Romance,loprem??¡?iCDDsumafr6476edlolxf54652waaad21dudxdqgxqbbdf
254,Schindler's List,Drama|War,loprem??¡?iCDDsumafr5392edlolxf54652waaad21dudmqmhbqbbdf
255,Pooh's Heffalump Movie,Animation|Children,loprem??¡?iCDDsumafr2516edlolxf54652waaad21duddewdlqbbdf
256,"Spy in Black, The",Thriller|War,loprem??¡?iCDDsumafr0627edlolxf54652waaad21dudnkcdnqbbdf
257,Star Wars: Episode I - The Phantom Menace,Action|Adventure|Sci-Fi,loprem??¡?iCDDsumafr1488edlolxf54652waaad21dudkqteeqbbdf
258,Blood Suckers from Outer Space,Comedy|Horror|Sci-Fi,loprem??¡?iCDDsumafr2225edlolxf54652waaad21dudzmsmzqbbdf
259,"Other Guys, The",Action|Comedy,loprem??¡?iCDDsumafr7894edlolxf54652waaad21dudspdtoqbbdf
260,"Piano Tuner of Earthquakes, The",Drama|Fantasy|Romance,loprem??¡?iCDDsumafr9933edlolxf54652waaad21dudtksuuqbbdf
261,John Mulaney: New In Town,Comedy,loprem??¡?iCDDsumafr1796edlolxf54652waaad21dudxjoioqbbdf
262,Jönssonligan - Den perfekta stöten,Action|Adventure|Comedy,loprem??¡?iCDDsumafr2849edlolxf54652waaad21dudzqctuqbbdf
263,Xtro,Horror|Sci-Fi,loprem??¡?iCDDsumafr4325edlolxf54652waaad21dudwoqyaqbbdf
264,Colour Me Kubrick: A True...ish Story,Comedy|Drama,loprem??¡?iCDDsumafr5349edlolxf54652waaad21dudrldsbqbbdf
265,Cabiria,Adventure|Drama|War,loprem??¡?iCDDsumafr9700edlolxf54652waaad21duduaouqqbbdf
266,Legacy of Rage,Action,loprem??¡?iCDDsumafr4548edlolxf54652waaad21dudkegrgqbbdf
267,Quantum of Solace,Action|Adventure|Thriller,loprem??¡?iCDDsumafr1244edlolxf54652waaad21dududupnqbbdf
268,Behind the Screen,Comedy|Romance,loprem??¡?iCDDsumafr0790edlolxf54652waaad21dudydltoqbbdf
269,"Sick: The Life & Death of Bob Flanagan, Supermasochist",Documentary,loprem??¡?iCDDsumafr0181edlolxf54652waaad21dudfeqovqbbdf
270,Messenger of Death,Thriller,loprem??¡?iCDDsumafr8397edlolxf54652waaad21dudravoeqbbdf
271,Slacker,Comedy|Drama,loprem??¡?iCDDsumafr2016edlolxf54652waaad21dudgkytqqbbdf
272,"Little Princess, A",Children|Drama,loprem??¡?iCDDsumafr2629edlolxf54652waaad21dudwjrgbqbbdf
273,"Mad Adventures of Rabbi Jacob, the (Les Aventures de Rabbi Jacob)",Comedy,loprem??¡?iCDDsumafr7565edlolxf54652waaad21dudvzfvvqbbdf
274,Vampire Journals,Fantasy|Horror,loprem??¡?iCDDsumafr6931edlolxf54652waaad21dudwoyziqbbdf
275,"Overcoat, The (Il cappotto)",Comedy|Drama|Fantasy,loprem??¡?iCDDsumafr0274edlolxf54652waaad21dudkmvfaqbbdf
276,"7th Voyage of Sinbad, The",Action|Adventure|Fantasy,loprem??¡?iCDDsumafr7247edlolxf54652waaad21dudlpiwvqbbdf
277,Distance,Drama,loprem??¡?iCDDsumafr0083edlolxf54652waaad21dudscacrqbbdf
278,Darby's Rangers,Action|Drama|War,loprem??¡?iCDDsumafr0287edlolxf54652waaad21dudayqpwqbbdf
279,Waste Land,Documentary,loprem??¡?iCDDsumafr7944edlolxf54652waaad21dudjtrkgqbbdf
280,Déjà Vu,Drama|Romance,loprem??¡?iCDDsumafr2538edlolxf54652waaad21dudlqpdxqbbdf
281,Paris 36 (Faubourg 36),Drama|Musical|Romance,loprem??¡?iCDDsumafr0159edlolxf54652waaad21dudoiyjnqbbdf
282,Love and Bullets,Crime|Drama,loprem??¡?iCDDsumafr9420edlolxf54652waaad21dudquikzqbbdf
283,On the Other Side of the Tracks (De l'autre côté du périph),Action|Comedy|Crime,loprem??¡?iCDDsumafr1598edlolxf54652waaad21duduvoglqbbdf
284,Interview with the Vampire: The Vampire Chronicles,Drama|Horror,loprem??¡?iCDDsumafr7722edlolxf54652waaad21dudenaowqbbdf
285,Ransom (a.k.a. The Terrorists),Crime|Thriller,loprem??¡?iCDDsumafr2931edlolxf54652waaad21dudfrdjzqbbdf
286,Wild Target,Comedy|Drama|Romance|Thriller,loprem??¡?iCDDsumafr8601edlolxf54652waaad21dudhgztdqbbdf
287,Allegro non troppo,Animation|Comedy|Fantasy|Musical,loprem??¡?iCDDsumafr1098edlolxf54652waaad21duddrtmoqbbdf
288,Casablanca Express,Action|War,loprem??¡?iCDDsumafr5275edlolxf54652waaad21dudkrtkfqbbdf
289,Beetlejuice,Comedy|Fantasy,loprem??¡?iCDDsumafr6124edlolxf54652waaad21dudvleiyqbbdf
290,Madonna's Pig,Fantasy|Romance|Sci-Fi,loprem??¡?iCDDsumafr5489edlolxf54652waaad21dudggqkxqbbdf
291,French Twist (Gazon maudit),Comedy|Romance,loprem??¡?iCDDsumafr5541edlolxf54652waaad21dudyqvffqbbdf
292,Tony Rome,Crime|Drama|Thriller,loprem??¡?iCDDsumafr1919edlolxf54652waaad21dudroiwcqbbdf
293,Winnie the Pooh and a Day for Eeyore,Animation|Children,loprem??¡?iCDDsumafr7670edlolxf54652waaad21duddfdtcqbbdf
294,Third World Cop,Action,loprem??¡?iCDDsumafr3674edlolxf54652waaad21dudyhaosqbbdf
295,House of the Rising Sun,Action|Crime|Drama|Thriller,loprem??¡?iCDDsumafr4603edlolxf54652waaad21dudgnnouqbbdf
296,Young Gods (Hymypoika),Drama,loprem??¡?iCDDsumafr9790edlolxf54652waaad21dudtmyquqbbdf
297,Finding Fela!,Documentary,loprem??¡?iCDDsumafr8355edlolxf54652waaad21dudsklzvqbbdf
298,Birds of America,Comedy|Drama,loprem??¡?iCDDsumafr7114edlolxf54652waaad21dudcyclwqbbdf
299,"Diary of a Chambermaid, The",Drama|Romance,loprem??¡?iCDDsumafr8304edlolxf54652waaad21dudrveomqbbdf
300,MC5: Kick Out the Jams,Documentary,loprem??¡?iCDDsumafr3789edlolxf54652waaad21dudmkbssqbbdf
301,"Chance of a Lifetime, The",Crime|Drama,loprem??¡?iCDDsumafr1345edlolxf54652waaad21dudatamtqbbdf
302,Battlestar Galactica: The Plan,Action|Adventure|Drama|Sci-Fi,loprem??¡?iCDDsumafr1045edlolxf54652waaad21dudokjngqbbdf
303,Cheech and Chong's Up in Smoke,Comedy,loprem??¡?iCDDsumafr1807edlolxf54652waaad21dudkdfjyqbbdf
304,"Beautiful Troublemaker, The (La belle noiseuse)",Drama,loprem??¡?iCDDsumafr1079edlolxf54652waaad21dudfynpkqbbdf
305,"Osterman Weekend, The",Action|Thriller,loprem??¡?iCDDsumafr3321edlolxf54652waaad21dudyponxqbbdf
306,Supercop 2 (Project S) (Chao ji ji hua),Action|Comedy|Crime|Thriller,loprem??¡?iCDDsumafr4637edlolxf54652waaad21dudtepqsqbbdf
307,My Boy Jack,Drama|War,loprem??¡?iCDDsumafr2652edlolxf54652waaad21dudejoovqbbdf
308,"Conspiracy of Torture, The (Beatrice Cenci)",Drama,loprem??¡?iCDDsumafr9933edlolxf54652waaad21dudufujkqbbdf
309,Betty,Drama,loprem??¡?iCDDsumafr4289edlolxf54652waaad21dudoutrjqbbdf
310,Last Train Home,Documentary|Drama,loprem??¡?iCDDsumafr1985edlolxf54652waaad21dudmiqwuqbbdf
311,Argo,Drama|Thriller,loprem??¡?iCDDsumafr9302edlolxf54652waaad21dudgyxouqbbdf
312,"4th Floor, The",Thriller,loprem??¡?iCDDsumafr9941edlolxf54652waaad21dudjvvjxqbbdf
313,Los Bandoleros,Action|Drama,loprem??¡?iCDDsumafr9413edlolxf54652waaad21dudyidfuqbbdf
314,Hoodlum,Crime|Drama|Film-Noir,loprem??¡?iCDDsumafr0995edlolxf54652waaad21dudkzgngqbbdf
315,Gomorrah (Gomorra),Crime|Drama,loprem??¡?iCDDsumafr8969edlolxf54652waaad21dudpeugoqbbdf
316,Castaway,Adventure|Drama,loprem??¡?iCDDsumafr5777edlolxf54652waaad21dudrjirbqbbdf
317,"Crow, The",Action|Crime|Fantasy|Thriller,loprem??¡?iCDDsumafr8011edlolxf54652waaad21dudbfpneqbbdf
318,Scream,Comedy|Horror|Mystery|Thriller,loprem??¡?iCDDsumafr6094edlolxf54652waaad21dudpyskwqbbdf
319,Sins,Drama|Romance,loprem??¡?iCDDsumafr2234edlolxf54652waaad21dudceuylqbbdf
320,Not Easily Broken,Drama|Romance,loprem??¡?iCDDsumafr4380edlolxf54652waaad21dudekwouqbbdf
321,Leatherheads,Comedy|Drama|Romance,loprem??¡?iCDDsumafr6704edlolxf54652waaad21dudtqmmvqbbdf
322,"Sign of Four, The",Adventure|Crime|Drama,loprem??¡?iCDDsumafr9836edlolxf54652waaad21dudoqjieqbbdf
323,"Game, The",Drama|Mystery|Thriller,loprem??¡?iCDDsumafr9327edlolxf54652waaad21dudpjsuuqbbdf
324,Baggage Claim,Comedy,loprem??¡?iCDDsumafr4685edlolxf54652waaad21dudkyfolqbbdf
325,"Big Chill, The",Comedy|Drama,loprem??¡?iCDDsumafr1318edlolxf54652waaad21dudgihlaqbbdf
326,Alice in Murderland,Horror|Thriller,loprem??¡?iCDDsumafr7451edlolxf54652waaad21dudtfyosqbbdf
327,Thieves Like Us,Crime|Drama|Romance,loprem??¡?iCDDsumafr0825edlolxf54652waaad21dudzqvodqbbdf
328,Elvis on Tour,Documentary|Musical,loprem??¡?iCDDsumafr4243edlolxf54652waaad21dudvmjbkqbbdf
329,"Gay Deceivers, The",Comedy,loprem??¡?iCDDsumafr6535edlolxf54652waaad21dudmbgdgqbbdf
330,"Master and Margaret, The (Il maestro e Margherita)",Drama|Fantasy|Romance,loprem??¡?iCDDsumafr0856edlolxf54652waaad21dudbayfgqbbdf
331,Shock Treatment,Comedy|Musical|Sci-Fi,loprem??¡?iCDDsumafr5660edlolxf54652waaad21dudjucrqqbbdf
332,Judge Priest,Comedy|Drama|Romance,loprem??¡?iCDDsumafr1653edlolxf54652waaad21dudqpiemqbbdf
333,Spanglish,Comedy|Drama|Romance,loprem??¡?iCDDsumafr3411edlolxf54652waaad21dudbudvjqbbdf
334,"East Side, West Side",Crime|Drama|Romance,loprem??¡?iCDDsumafr6684edlolxf54652waaad21dudykuthqbbdf
335,Summertime,Comedy,loprem??¡?iCDDsumafr4141edlolxf54652waaad21dudzdlnmqbbdf
336,Thirst (Pyaasa),Drama|Musical|Romance,loprem??¡?iCDDsumafr4932edlolxf54652waaad21dudkaqneqbbdf
337,Vicky Cristina Barcelona,Comedy|Drama|Romance,loprem??¡?iCDDsumafr8715edlolxf54652waaad21dudbzzprqbbdf
338,LOL (Laughing Out Loud),Comedy,loprem??¡?iCDDsumafr9619edlolxf54652waaad21dudyfxmpqbbdf
339,"Bag of Hammers, A",Comedy|Drama,loprem??¡?iCDDsumafr9268edlolxf54652waaad21dudapwpoqbbdf
340,Mary,Drama|Thriller,loprem??¡?iCDDsumafr0619edlolxf54652waaad21dudblbisqbbdf
341,Fires on the Plain (Nobi),Drama|War,loprem??¡?iCDDsumafr2895edlolxf54652waaad21dudtuydtqbbdf
342,King Boxer: Five Fingers of Death (Tian xia di yi quan),Action|Drama|Romance,loprem??¡?iCDDsumafr7895edlolxf54652waaad21dudaegedqbbdf
343,I Wish (Kiseki),Children|Drama,loprem??¡?iCDDsumafr4923edlolxf54652waaad21dudjvqhvqbbdf
344,Mary and Max,Animation|Comedy|Drama,loprem??¡?iCDDsumafr4699edlolxf54652waaad21duddypnqqbbdf
345,Paulette,Comedy|Crime,loprem??¡?iCDDsumafr1195edlolxf54652waaad21dudeddnzqbbdf
346,"Culture High, The",Documentary,loprem??¡?iCDDsumafr7661edlolxf54652waaad21dudcqwmlqbbdf
347,Titanic,Action|Drama,loprem??¡?iCDDsumafr3322edlolxf54652waaad21duddbqqcqbbdf
348,"Player's Club, The",Comedy|Drama,loprem??¡?iCDDsumafr0174edlolxf54652waaad21dudrmrxqqbbdf
349,Lost in Austen,Drama|Fantasy|Romance|Sci-Fi,loprem??¡?iCDDsumafr8305edlolxf54652waaad21dudwshwxqbbdf
350,Deep Blue,Documentary,loprem??¡?iCDDsumafr6692edlolxf54652waaad21dudmfwdwqbbdf
351,Carman: The Champion,Action|Drama,loprem??¡?iCDDsumafr3949edlolxf54652waaad21dudcigdmqbbdf
352,Comrade X,Comedy|Drama,loprem??¡?iCDDsumafr3468edlolxf54652waaad21dudqxgmkqbbdf
353,Five Dedicated to Ozu,Documentary,loprem??¡?iCDDsumafr2546edlolxf54652waaad21dudamdzjqbbdf
354,Finisterrae,(no genres listed),loprem??¡?iCDDsumafr5513edlolxf54652waaad21dudzjsxlqbbdf
355,"Era of Vampires, The",Action|Horror,loprem??¡?iCDDsumafr1413edlolxf54652waaad21dudckhwyqbbdf
356,Particle Fever,Documentary,loprem??¡?iCDDsumafr5316edlolxf54652waaad21dudaxugtqbbdf
357,Two if by Sea,Comedy|Romance,loprem??¡?iCDDsumafr5816edlolxf54652waaad21dudquhoiqbbdf
358,War of the Robots (La guerra dei robot),Action|Adventure|Sci-Fi,loprem??¡?iCDDsumafr9834edlolxf54652waaad21dudxhciqqbbdf
359,Drawing Restraint 9,Fantasy,loprem??¡?iCDDsumafr7599edlolxf54652waaad21dudzcqlhqbbdf
360,Ticked-Off Trannies with Knives,Action|Comedy|Crime|Horror|Thriller,loprem??¡?iCDDsumafr3625edlolxf54652waaad21dudvtxwvqbbdf
361,Can't Hardly Wait,Comedy|Drama|Romance,loprem??¡?iCDDsumafr7442edlolxf54652waaad21dudiaantqbbdf
362,We Are What We Are (Somos lo que hay),Drama|Horror,loprem??¡?iCDDsumafr6000edlolxf54652waaad21duddqveiqbbdf
363,Little Man Tate,Drama,loprem??¡?iCDDsumafr3180edlolxf54652waaad21dudofzkgqbbdf
364,Direct from Brooklyn,(no genres listed),loprem??¡?iCDDsumafr1017edlolxf54652waaad21dudraurqqbbdf
365,Everybody's Fine (Stanno tutti bene),Comedy|Drama,loprem??¡?iCDDsumafr3515edlolxf54652waaad21dudsmspqqbbdf
366,First Sunday,Comedy|Crime,loprem??¡?iCDDsumafr7260edlolxf54652waaad21dudhnczsqbbdf
367,Fed Up,Documentary,loprem??¡?iCDDsumafr2995edlolxf54652waaad21dudmfrqeqbbdf
368,Slacker,Comedy|Drama,loprem??¡?iCDDsumafr1244edlolxf54652waaad21duduifkcqbbdf
369,Noise,Drama|Thriller,loprem??¡?iCDDsumafr7643edlolxf54652waaad21dudikoagqbbdf
370,Cry Wolf,Crime|Drama|Mystery|Thriller,loprem??¡?iCDDsumafr4960edlolxf54652waaad21dudkfqbmqbbdf
371,Ruby Red,Adventure|Children|Fantasy|Sci-Fi,loprem??¡?iCDDsumafr2379edlolxf54652waaad21dudculkqqbbdf
372,"Art of Flight, The",Adventure|Documentary,loprem??¡?iCDDsumafr6598edlolxf54652waaad21dudktiebqbbdf
373,Next,Action|Sci-Fi|Thriller,loprem??¡?iCDDsumafr2675edlolxf54652waaad21dudccakxqbbdf
374,"Battered Bastards of Baseball, The",Documentary,loprem??¡?iCDDsumafr2475edlolxf54652waaad21dudqhcpdqbbdf
375,"Pebble and the Penguin, The",Animation|Musical,loprem??¡?iCDDsumafr5755edlolxf54652waaad21dudimcngqbbdf
376,"Clairvoyant, The",Drama|Thriller,loprem??¡?iCDDsumafr9690edlolxf54652waaad21dudonqueqbbdf
377,"Lady Takes a Chance, A",Comedy|Romance|Western,loprem??¡?iCDDsumafr0172edlolxf54652waaad21dudkdvipqbbdf
378,Casey Jones,Action|Adventure|Fantasy,loprem??¡?iCDDsumafr0576edlolxf54652waaad21dudgazedqbbdf
379,Picture Perfect,Comedy|Romance,loprem??¡?iCDDsumafr0501edlolxf54652waaad21duddvaozqbbdf
380,"Prisoner of Zenda, The",Adventure,loprem??¡?iCDDsumafr1140edlolxf54652waaad21dudfbejwqbbdf
381,Chinese Take-Out (Chinese Take-Away) (Un cuento chino),Comedy,loprem??¡?iCDDsumafr5266edlolxf54652waaad21dududskvqbbdf
382,Frankenstein Meets the Wolf Man,Horror,loprem??¡?iCDDsumafr2087edlolxf54652waaad21dududucwqbbdf
383,Claymation Comedy of Horrors,Animation,loprem??¡?iCDDsumafr1294edlolxf54652waaad21dudpmaihqbbdf
384,Dead Genesis,Horror,loprem??¡?iCDDsumafr0643edlolxf54652waaad21dudverszqbbdf
385,"Pit and the Pendulum, The",Horror,loprem??¡?iCDDsumafr1373edlolxf54652waaad21dudjcqntqbbdf
386,Halo Legends,Action|Animation|Sci-Fi,loprem??¡?iCDDsumafr0022edlolxf54652waaad21dudyyrqzqbbdf
387,Sextette,Comedy|Musical|Romance,loprem??¡?iCDDsumafr4689edlolxf54652waaad21dudxmxgnqbbdf
388,Himalaya (Himalaya - l'enfance d'un chef),Adventure|Drama,loprem??¡?iCDDsumafr4450edlolxf54652waaad21dudnuxbxqbbdf
389,The Hire: Powder Keg,Action,loprem??¡?iCDDsumafr6423edlolxf54652waaad21dudnxejgqbbdf
390,C(r)ook (Basta - Rotwein Oder Totsein),Comedy,loprem??¡?iCDDsumafr0359edlolxf54652waaad21dudaokpeqbbdf
391,Samurai III: Duel on Ganryu Island (a.k.a. Bushido) (Miyamoto Musashi kanketsuhen: kettô Ganryûjima),Action|Adventure|Drama,loprem??¡?iCDDsumafr8057edlolxf54652waaad21dudseeqvqbbdf
392,"Better Place, A",Drama,loprem??¡?iCDDsumafr3100edlolxf54652waaad21duddukipqbbdf
393,13 Ghosts,Horror,loprem??¡?iCDDsumafr5803edlolxf54652waaad21dudoqvsxqbbdf
394,Bob Roberts,Comedy,loprem??¡?iCDDsumafr9677edlolxf54652waaad21dudjeengqbbdf
395,Strike Up the Band,Comedy|Musical|Romance,loprem??¡?iCDDsumafr1105edlolxf54652waaad21dudfpprxqbbdf
396,I Am Waiting (Ore wa matteru ze),Crime|Drama,loprem??¡?iCDDsumafr3790edlolxf54652waaad21duddmvtrqbbdf
397,100 Rifles,Adventure|War|Western,loprem??¡?iCDDsumafr0976edlolxf54652waaad21dudfattrqbbdf
398,Let's Be Cops,Comedy|Crime,loprem??¡?iCDDsumafr4186edlolxf54652waaad21dudmkznkqbbdf
399,"Notebook, The (A nagy füzet)",Drama|War,loprem??¡?iCDDsumafr0270edlolxf54652waaad21dudotbuqqbbdf
400,Charlie's Country,Drama,loprem??¡?iCDDsumafr9971edlolxf54652waaad21dudgwnvmqbbdf
401,Autopsy,Horror,loprem??¡?iCDDsumafr5576edlolxf54652waaad21dudxxsuxqbbdf
402,Hôtel des Invalides,Documentary,loprem??¡?iCDDsumafr5960edlolxf54652waaad21dudctndqqbbdf
403,Vice,Crime|Film-Noir|Mystery|Thriller,loprem??¡?iCDDsumafr9238edlolxf54652waaad21dudfewdjqbbdf
404,Washington Heights,Drama|Romance,loprem??¡?iCDDsumafr4880edlolxf54652waaad21dudkhsxjqbbdf
405,Steel Toes,Crime|Drama,loprem??¡?iCDDsumafr2036edlolxf54652waaad21dudjhjwxqbbdf
406,Seventh Heaven,Comedy|Romance,loprem??¡?iCDDsumafr7116edlolxf54652waaad21dudulovgqbbdf
407,"Deal, The",Comedy,loprem??¡?iCDDsumafr4382edlolxf54652waaad21dudxodlqqbbdf
408,"Edge of Heaven, The (Auf der anderen Seite)",Drama,loprem??¡?iCDDsumafr7217edlolxf54652waaad21dudfxcyeqbbdf
409,Donkey Punch,Horror|Thriller,loprem??¡?iCDDsumafr4230edlolxf54652waaad21dudbckydqbbdf
410,Ballerina (La mort du cygne),Children|Drama|Romance,loprem??¡?iCDDsumafr0492edlolxf54652waaad21duddjgcwqbbdf
411,Nömadak TX,Documentary|Musical,loprem??¡?iCDDsumafr9507edlolxf54652waaad21dudxnaudqbbdf
412,Suicide Killers,Documentary,loprem??¡?iCDDsumafr1164edlolxf54652waaad21dudzbusrqbbdf
413,18 Again!,Comedy|Fantasy,loprem??¡?iCDDsumafr4005edlolxf54652waaad21dudkhlfyqbbdf
414,Louis Theroux: Twilight of the Porn Stars,Documentary,loprem??¡?iCDDsumafr1945edlolxf54652waaad21dudzyygxqbbdf
415,"Great Santini, The",Drama,loprem??¡?iCDDsumafr1571edlolxf54652waaad21dudyukajqbbdf
416,Miracle at St. Anna,Drama|Mystery|War,loprem??¡?iCDDsumafr2131edlolxf54652waaad21dudrimbjqbbdf
417,Starship Troopers: Invasion,Action|Animation|Sci-Fi|War,loprem??¡?iCDDsumafr8419edlolxf54652waaad21dudsowtqqbbdf
418,Pohjanmaa,Drama,loprem??¡?iCDDsumafr0852edlolxf54652waaad21dudtlxxuqbbdf
419,Fat Albert,Comedy|Fantasy,loprem??¡?iCDDsumafr4096edlolxf54652waaad21dudzonepqbbdf
420,Monkey Business,Comedy|Sci-Fi,loprem??¡?iCDDsumafr3139edlolxf54652waaad21dudesqvmqbbdf
421,10th & Wolf,Crime|Drama|Thriller,loprem??¡?iCDDsumafr0571edlolxf54652waaad21dudfnomlqbbdf
422,The Hatchet Man,Crime|Drama,loprem??¡?iCDDsumafr5100edlolxf54652waaad21dudfqcwrqbbdf
423,Winter Solstice,Drama,loprem??¡?iCDDsumafr9087edlolxf54652waaad21dudqrnuzqbbdf
424,That Hagen Girl,Drama,loprem??¡?iCDDsumafr5888edlolxf54652waaad21dudlyhavqbbdf
425,Esa ja Vesa - auringonlaskun ratsastajat,Action|Adventure|Comedy|Crime,loprem??¡?iCDDsumafr2426edlolxf54652waaad21dudotivoqbbdf
426,Batman: Year One,Action|Animation|Crime,loprem??¡?iCDDsumafr9311edlolxf54652waaad21dudhdqpjqbbdf
427,"Big White, The",Comedy|Crime|Drama,loprem??¡?iCDDsumafr4848edlolxf54652waaad21dudrtwntqbbdf
428,In the Valley of Elah,Drama|Mystery,loprem??¡?iCDDsumafr2194edlolxf54652waaad21dudzjdduqbbdf
429,Dead Alive (Braindead),Comedy|Fantasy|Horror,loprem??¡?iCDDsumafr4829edlolxf54652waaad21dudixwqcqbbdf
430,"Report on the Party and the Guests, A (O slavnosti a hostech)",Drama,loprem??¡?iCDDsumafr4270edlolxf54652waaad21dudoaegcqbbdf
431,"Riddle of the Sands, The",Adventure|Drama|Thriller,loprem??¡?iCDDsumafr0418edlolxf54652waaad21dudruxatqbbdf
432,St. Elmo's Fire,Drama|Romance,loprem??¡?iCDDsumafr2382edlolxf54652waaad21dudciwckqbbdf
433,Real Steel,Action|Drama|Sci-Fi|IMAX,loprem??¡?iCDDsumafr6456edlolxf54652waaad21dudzmrnqqbbdf
434,Blubberella,Action|Comedy,loprem??¡?iCDDsumafr6700edlolxf54652waaad21dudxycchqbbdf
435,Witness,Drama|Romance|Thriller,loprem??¡?iCDDsumafr8640edlolxf54652waaad21dudbhufqqbbdf
436,Mamitas,Drama,loprem??¡?iCDDsumafr6514edlolxf54652waaad21dudvbmfaqbbdf
437,Return to the 36th Chamber (Shao Lin da peng da shi) ,Action|Comedy,loprem??¡?iCDDsumafr8556edlolxf54652waaad21dudymzoqqbbdf
438,101 Dalmatians II: Patch's London Adventure,Animation|Children,loprem??¡?iCDDsumafr5744edlolxf54652waaad21dudrfjwbqbbdf
439,"Smile Like Yours, A",Comedy|Romance,loprem??¡?iCDDsumafr5342edlolxf54652waaad21dudmgyweqbbdf
440,"Purple Plain, The",Drama|War,loprem??¡?iCDDsumafr8973edlolxf54652waaad21dudhlaiaqbbdf
441,Angel Heart,Film-Noir|Horror|Mystery|Thriller,loprem??¡?iCDDsumafr0151edlolxf54652waaad21dudgyntaqbbdf
442,Wild Things: Diamonds in the Rough,Mystery|Thriller,loprem??¡?iCDDsumafr2748edlolxf54652waaad21dudgfvumqbbdf
443,Keys to Tulsa,Crime,loprem??¡?iCDDsumafr3131edlolxf54652waaad21dudzmwbqqbbdf
444,Body of Lies,Action|Drama|Thriller,loprem??¡?iCDDsumafr7473edlolxf54652waaad21dudrhblvqbbdf
445,"Death of Maria Malibran, The (Der Tod der Maria Malibran)",Comedy|Drama|Fantasy|Musical,loprem??¡?iCDDsumafr1827edlolxf54652waaad21dudpplgxqbbdf
446,Cavemen,Comedy|Romance,loprem??¡?iCDDsumafr4414edlolxf54652waaad21dudmmyijqbbdf
447,Wild Card,Crime|Drama|Thriller,loprem??¡?iCDDsumafr8414edlolxf54652waaad21dudmklnoqbbdf
448,Halloween: The Curse of Michael Myers (Halloween 6: The Curse of Michael Myers),Horror|Thriller,loprem??¡?iCDDsumafr8497edlolxf54652waaad21dudvbijaqbbdf
449,Hush,Thriller,loprem??¡?iCDDsumafr9204edlolxf54652waaad21dudqufumqbbdf
450,Valerie,Drama,loprem??¡?iCDDsumafr1401edlolxf54652waaad21dudjtwlpqbbdf
451,"H-Man, The (Bijo to Ekitainingen)",Horror|Mystery|Sci-Fi|Thriller,loprem??¡?iCDDsumafr5466edlolxf54652waaad21dudcnkkfqbbdf
452,Good Luck. And Take Care of Each Other,Comedy|Drama,loprem??¡?iCDDsumafr6620edlolxf54652waaad21dudmllqvqbbdf
453,Mais qui a tué Pamela Rose?,Comedy,loprem??¡?iCDDsumafr4319edlolxf54652waaad21dudkwwusqbbdf
454,Hybrid,Documentary,loprem??¡?iCDDsumafr8826edlolxf54652waaad21dudldybjqbbdf
455,Wild Women,Action|Western,loprem??¡?iCDDsumafr7308edlolxf54652waaad21dudxgzasqbbdf
456,Anything Goes,Musical,loprem??¡?iCDDsumafr3611edlolxf54652waaad21dudleuylqbbdf
457,When in Rome,Comedy|Romance,loprem??¡?iCDDsumafr7085edlolxf54652waaad21dudgqyohqbbdf
458,Trailer Park Boys: Live at the North Pole,Comedy,loprem??¡?iCDDsumafr2014edlolxf54652waaad21dudlwgcaqbbdf
459,State Property 2,Action|Crime|Drama,loprem??¡?iCDDsumafr8625edlolxf54652waaad21dudtlzvsqbbdf
460,Cape Fear,Thriller,loprem??¡?iCDDsumafr7120edlolxf54652waaad21dudogkgtqbbdf
461,King of Devil's Island (Kongen av Bastøy) ,Action|Drama,loprem??¡?iCDDsumafr5378edlolxf54652waaad21dudhchmxqbbdf
462,God Is the Bigger Elvis,Documentary,loprem??¡?iCDDsumafr2890edlolxf54652waaad21dudcernsqbbdf
463,"Murder, My Sweet",Crime|Film-Noir|Thriller,loprem??¡?iCDDsumafr4760edlolxf54652waaad21dudqffldqbbdf
464,Siblings,Comedy,loprem??¡?iCDDsumafr9291edlolxf54652waaad21dudrzhdlqbbdf
465,Eggs,Comedy|Drama,loprem??¡?iCDDsumafr8071edlolxf54652waaad21dudsqrzyqbbdf
466,Three Colors: Blue (Trois couleurs: Bleu),Drama,loprem??¡?iCDDsumafr4744edlolxf54652waaad21dudvkrjcqbbdf
467,Living with the Fosters,Comedy,loprem??¡?iCDDsumafr8844edlolxf54652waaad21dudygjlcqbbdf
468,Casino Royale,Action|Adventure|Comedy,loprem??¡?iCDDsumafr6659edlolxf54652waaad21dudctlekqbbdf
469,Eraser,Action|Drama|Thriller,loprem??¡?iCDDsumafr9345edlolxf54652waaad21dudfehfrqbbdf
470,Carol for Another Christmas,Drama|Fantasy|War,loprem??¡?iCDDsumafr0205edlolxf54652waaad21dudqsvhuqbbdf
471,"Atalante, L'",Comedy|Drama|Romance,loprem??¡?iCDDsumafr3238edlolxf54652waaad21dudpdnutqbbdf
472,"Separation, A (Jodaeiye Nader az Simin)",Drama,loprem??¡?iCDDsumafr6895edlolxf54652waaad21dudxvcssqbbdf
473,Assassination Tango,Drama|Thriller,loprem??¡?iCDDsumafr2642edlolxf54652waaad21dudciejaqbbdf
474,Valentine,Horror|Mystery,loprem??¡?iCDDsumafr6062edlolxf54652waaad21dudzdobgqbbdf
475,"Crossing Guard, The",Action|Crime|Drama|Thriller,loprem??¡?iCDDsumafr2474edlolxf54652waaad21dudvdpvbqbbdf
476,20 Feet from Stardom (Twenty Feet from Stardom),Documentary,loprem??¡?iCDDsumafr3087edlolxf54652waaad21dudcwfcnqbbdf
477,"Horse Rebellion, The (Pulakapina)",Drama,loprem??¡?iCDDsumafr9192edlolxf54652waaad21dudwkgccqbbdf
478,Meet the Parents,Comedy,loprem??¡?iCDDsumafr0146edlolxf54652waaad21dudhqdbdqbbdf
479,"Shot at Glory, A",Drama,loprem??¡?iCDDsumafr4453edlolxf54652waaad21dudawegeqbbdf
480,Meet the Spartans,Comedy,loprem??¡?iCDDsumafr7168edlolxf54652waaad21duddurwrqbbdf
481,Retro Puppet Master (Puppet Master 7),Horror|Sci-Fi|Thriller,loprem??¡?iCDDsumafr9295edlolxf54652waaad21dudohklqqbbdf
482,Manufacturing Reality: Slavoj Zizek and the Reality of the Virtual (Slavoj Zizek: The Reality of the Virtual),Documentary,loprem??¡?iCDDsumafr6145edlolxf54652waaad21dudtywgsqbbdf
483,"Odd Couple II, The",Comedy,loprem??¡?iCDDsumafr5928edlolxf54652waaad21dudehohlqbbdf
484,"Girl on the Train, The (La fille du RER)",Drama,loprem??¡?iCDDsumafr1202edlolxf54652waaad21dudedutgqbbdf
485,"Atalante, L'",Comedy|Drama|Romance,loprem??¡?iCDDsumafr9533edlolxf54652waaad21dudytdxsqbbdf
486,Chain Reaction,Action|Adventure|Thriller,loprem??¡?iCDDsumafr7113edlolxf54652waaad21dudrvnduqbbdf
487,Divine Secrets of the Ya-Ya Sisterhood,Comedy|Drama,loprem??¡?iCDDsumafr5158edlolxf54652waaad21dudsjohvqbbdf
488,Jönssonligan spelar högt,Comedy,loprem??¡?iCDDsumafr2736edlolxf54652waaad21dudlmfhlqbbdf
489,Fanfan la Tulipe (Fan-Fan the Tulip),Action|Adventure|Comedy|Romance|War,loprem??¡?iCDDsumafr4294edlolxf54652waaad21dudloythqbbdf
490,Hot Rods to Hell,Action|Drama|Thriller,loprem??¡?iCDDsumafr4323edlolxf54652waaad21dudbmnwzqbbdf
491,"Wicker Man, The",Drama|Horror|Mystery|Thriller,loprem??¡?iCDDsumafr1613edlolxf54652waaad21dudkxvtbqbbdf
492,Painted Fire (Chihwaseon),Drama,loprem??¡?iCDDsumafr5354edlolxf54652waaad21dudbzjkcqbbdf
493,Pharaoh's Curse,Horror,loprem??¡?iCDDsumafr1032edlolxf54652waaad21dudkjyqwqbbdf
494,Neurons to Nirvana,Documentary,loprem??¡?iCDDsumafr0062edlolxf54652waaad21dudwzsdxqbbdf
495,Chattahoochee,Drama,loprem??¡?iCDDsumafr2854edlolxf54652waaad21dudnkwdlqbbdf
496,Asterix in Britain (Astérix chez les Bretons),Adventure|Animation|Children|Comedy,loprem??¡?iCDDsumafr9524edlolxf54652waaad21dudlfilaqbbdf
497,Circumstance,Drama,loprem??¡?iCDDsumafr3935edlolxf54652waaad21dudcjetnqbbdf
498,Tall Story,Comedy,loprem??¡?iCDDsumafr5985edlolxf54652waaad21dudzidqmqbbdf
499,Charlie Chan's Chance,Mystery,loprem??¡?iCDDsumafr1965edlolxf54652waaad21dudixhshqbbdf
500,"Buccaneer, The",Adventure|Drama|Romance|War,loprem??¡?iCDDsumafr0105edlolxf54652waaad21dudratjeqbbdf
501,Liar's Dice,Adventure|Children|Drama,loprem??¡?iCDDsumafr5820edlolxf54652waaad21dudnfqgsqbbdf
502,Selma,Drama,loprem??¡?iCDDsumafr4225edlolxf54652waaad21dudbhgpdqbbdf
503,Oleanna,Drama,loprem??¡?iCDDsumafr8062edlolxf54652waaad21duduwasiqbbdf
504,"Gathering of Old Men, A (Murder on the Bayou)",Drama,loprem??¡?iCDDsumafr9825edlolxf54652waaad21dudfswzjqbbdf
505,Adventures of Captain Marvel,Action|Adventure|Fantasy|Mystery|Sci-Fi,loprem??¡?iCDDsumafr1647edlolxf54652waaad21dudtujsjqbbdf
506,Men with Guns,Action|Drama,loprem??¡?iCDDsumafr3660edlolxf54652waaad21dudxdpqiqbbdf
507,Dark of the Sun,Action|Adventure|Drama|War,loprem??¡?iCDDsumafr8346edlolxf54652waaad21dudixmqjqbbdf
508,"Purple Rose of Cairo, The",Comedy|Drama|Fantasy|Romance,loprem??¡?iCDDsumafr1381edlolxf54652waaad21dudzzodyqbbdf
509,Bruiser,Horror|Thriller,loprem??¡?iCDDsumafr2414edlolxf54652waaad21dudraxroqbbdf
510,"World of Henry Orient, The",Comedy,loprem??¡?iCDDsumafr4901edlolxf54652waaad21dudaypepqbbdf
511,It! The Terror from Beyond Space,Horror|Sci-Fi|Thriller,loprem??¡?iCDDsumafr2987edlolxf54652waaad21dudjrpmrqbbdf
512,Chicago Massacre: Richard Speck,Crime|Drama|Thriller,loprem??¡?iCDDsumafr1790edlolxf54652waaad21dudyyrcrqbbdf
513,"Trials of Henry Kissinger, The",Documentary,loprem??¡?iCDDsumafr5764edlolxf54652waaad21dudteltfqbbdf
514,Paranormal Activity,Horror|Thriller,loprem??¡?iCDDsumafr0301edlolxf54652waaad21dudbvtafqbbdf
515,Project X,Comedy|Drama,loprem??¡?iCDDsumafr7875edlolxf54652waaad21dudermuxqbbdf
516,"Black Waters of Echo's Pond, The",Fantasy|Horror|Thriller,loprem??¡?iCDDsumafr5664edlolxf54652waaad21dudushzkqbbdf
517,William Kunstler: Disturbing the Universe,Documentary,loprem??¡?iCDDsumafr1942edlolxf54652waaad21dudybrjrqbbdf
518,Dead Tired (Grosse Fatigue),Comedy,loprem??¡?iCDDsumafr4140edlolxf54652waaad21dudizvxqqbbdf
519,Interrogation (Przesluchanie),Crime|Drama|Thriller,loprem??¡?iCDDsumafr0646edlolxf54652waaad21dudfgabaqbbdf
520,"Importance of Tying Your Own Shoes, The (Hur många lingon finns det i världen?)",Drama,loprem??¡?iCDDsumafr0161edlolxf54652waaad21dudxrzfvqbbdf
521,"Warrior and the Sorceress, The",Action|Adventure|Fantasy|Sci-Fi,loprem??¡?iCDDsumafr0974edlolxf54652waaad21dudutnhkqbbdf
522,Sunflower (Xiang ri kui),Drama,loprem??¡?iCDDsumafr9585edlolxf54652waaad21dudomhltqbbdf
523,V/H/S/2,Horror|Thriller,loprem??¡?iCDDsumafr6821edlolxf54652waaad21dudmehvgqbbdf
524,Heart Like a Wheel,Drama,loprem??¡?iCDDsumafr7622edlolxf54652waaad21dudrbhzkqbbdf
525,"Puerta de Hierro, el exilio de Perón",Drama,loprem??¡?iCDDsumafr1882edlolxf54652waaad21dudelkeqqbbdf
526,Murder at 1600,Crime|Drama|Mystery|Thriller,loprem??¡?iCDDsumafr4448edlolxf54652waaad21dudggfvsqbbdf
527,Carmen Miranda: Bananas Is My Business,Documentary,loprem??¡?iCDDsumafr4768edlolxf54652waaad21dudmyknoqbbdf
528,La petite reine,Drama,loprem??¡?iCDDsumafr3183edlolxf54652waaad21dudnwcswqbbdf
529,"Harvest: 3,000 Years (Mirt Sost Shi Amit)",Drama,loprem??¡?iCDDsumafr0193edlolxf54652waaad21dudunqfxqbbdf
530,Vengeance Valley,Western,loprem??¡?iCDDsumafr3405edlolxf54652waaad21dudmmeefqbbdf
531,Calloused Hands,Drama,loprem??¡?iCDDsumafr6012edlolxf54652waaad21dudmfjquqbbdf
532,"Angel Levine, The",Comedy|Drama,loprem??¡?iCDDsumafr5701edlolxf54652waaad21dudpqwogqbbdf
533,Salvage,Horror,loprem??¡?iCDDsumafr3053edlolxf54652waaad21dudjrytxqbbdf
534,Love,Crime|Drama|Thriller,loprem??¡?iCDDsumafr5272edlolxf54652waaad21duddjeitqbbdf
535,Sallah,Comedy,loprem??¡?iCDDsumafr5975edlolxf54652waaad21dudaaiheqbbdf
536,"Serious Man, A",Comedy|Drama,loprem??¡?iCDDsumafr8422edlolxf54652waaad21dudiuxvlqbbdf
537,Tali-Ihantala 1944,Action|Drama|War,loprem??¡?iCDDsumafr1651edlolxf54652waaad21dudlyfeyqbbdf
538,Carol for Another Christmas,Drama|Fantasy|War,loprem??¡?iCDDsumafr6812edlolxf54652waaad21dudlvjxcqbbdf
539,Into the Storm,Action|Thriller,loprem??¡?iCDDsumafr2144edlolxf54652waaad21dudlwenkqbbdf
540,Crash Dive,Drama|Romance|War,loprem??¡?iCDDsumafr6011edlolxf54652waaad21dudwsnbsqbbdf
541,Dracula 2000,Horror,loprem??¡?iCDDsumafr5092edlolxf54652waaad21dudxekwoqbbdf
542,The Cabin in the Cotton,Drama,loprem??¡?iCDDsumafr1591edlolxf54652waaad21dudlgtcpqbbdf
543,Les Feux Arctiques (Arktiset tulet),Documentary|Drama,loprem??¡?iCDDsumafr5721edlolxf54652waaad21dudjjlaeqbbdf
544,My Soul to Take,Horror|Thriller,loprem??¡?iCDDsumafr8944edlolxf54652waaad21dudxxdyxqbbdf
545,"Fiancee, The (Parineeta)",Drama,loprem??¡?iCDDsumafr5548edlolxf54652waaad21dudnufgnqbbdf
546,"Loves of Pharaoh, The (Das Weib des Pharao)",Drama|Romance|War,loprem??¡?iCDDsumafr2811edlolxf54652waaad21dudmmvytqbbdf
547,Crimes and Misdemeanors,Comedy|Crime|Drama,loprem??¡?iCDDsumafr8499edlolxf54652waaad21dudwpeotqbbdf
548,Virgin Territory,Adventure|Comedy|Romance,loprem??¡?iCDDsumafr6503edlolxf54652waaad21dudtjtsxqbbdf
549,Epidemic,Drama|Horror|Thriller,loprem??¡?iCDDsumafr3666edlolxf54652waaad21dudmehdcqbbdf
550,"Ciao, Professore! (Io speriamo che me la cavo)",Drama,loprem??¡?iCDDsumafr5690edlolxf54652waaad21dudjdgdjqbbdf
551,Pocket Money,Comedy|Western,loprem??¡?iCDDsumafr3982edlolxf54652waaad21dudvotrmqbbdf
552,Go,Comedy|Crime,loprem??¡?iCDDsumafr9866edlolxf54652waaad21dudtqmeiqbbdf
553,"Hollywood Revue of 1929, The",Musical,loprem??¡?iCDDsumafr8180edlolxf54652waaad21dudxrzyzqbbdf
554,"Truman Show, The",Comedy|Drama|Sci-Fi,loprem??¡?iCDDsumafr5093edlolxf54652waaad21dudktatvqbbdf
555,"Thing, The",Horror|Mystery|Sci-Fi|Thriller,loprem??¡?iCDDsumafr0894edlolxf54652waaad21dudrkzlnqbbdf
556,Prairie Fever,Action|Western,loprem??¡?iCDDsumafr1381edlolxf54652waaad21dudscuqkqbbdf
557,Ray,Drama,loprem??¡?iCDDsumafr4661edlolxf54652waaad21dudrtpcaqbbdf
558,Farewell to Matyora,Drama,loprem??¡?iCDDsumafr5135edlolxf54652waaad21duddwvbkqbbdf
559,Penguins of Madagascar,Adventure|Animation|Children|Comedy,loprem??¡?iCDDsumafr3971edlolxf54652waaad21dudtzykxqbbdf
560,Vinyan,Drama|Horror|Thriller,loprem??¡?iCDDsumafr7737edlolxf54652waaad21dudrelprqbbdf
561,Ben-Hur,Action|Adventure|Drama,loprem??¡?iCDDsumafr7823edlolxf54652waaad21dudibcmiqbbdf
562,Portrait Werner Herzog,Documentary,loprem??¡?iCDDsumafr3581edlolxf54652waaad21dudxpupgqbbdf
563,You Were Never Lovelier,Comedy|Musical|Romance,loprem??¡?iCDDsumafr0932edlolxf54652waaad21dudjdatzqbbdf
564,Nights and Weekends,Drama,loprem??¡?iCDDsumafr6429edlolxf54652waaad21dudgvbmvqbbdf
565,"Las Vegas Story, The",Crime|Drama|Film-Noir,loprem??¡?iCDDsumafr2182edlolxf54652waaad21dudvlcpuqbbdf
566,"Witches, The (aka Devil's Own, The)",Horror,loprem??¡?iCDDsumafr7888edlolxf54652waaad21dudgmysjqbbdf
567,Phat Beach,Comedy,loprem??¡?iCDDsumafr7441edlolxf54652waaad21dudazhykqbbdf
568,Like Someone In Love,Drama,loprem??¡?iCDDsumafr0988edlolxf54652waaad21dudegijaqbbdf
569,After the Fox (Caccia alla volpe),Comedy|Crime,loprem??¡?iCDDsumafr4468edlolxf54652waaad21dudsblqhqbbdf
570,"Nightmare on Elm Street 4: The Dream Master, A",Horror|Thriller,loprem??¡?iCDDsumafr4732edlolxf54652waaad21dudbtiwgqbbdf
571,Hit Man,Crime|Drama,loprem??¡?iCDDsumafr6234edlolxf54652waaad21duddvngbqbbdf
572,American Crude,Comedy|Drama,loprem??¡?iCDDsumafr6861edlolxf54652waaad21dudyqoyeqbbdf
573,52 Tuesdays,Children|Drama,loprem??¡?iCDDsumafr6256edlolxf54652waaad21dudvknnnqbbdf
574,Scooby-Doo! and the Witch's Ghost,Animation|Comedy|Mystery,loprem??¡?iCDDsumafr5375edlolxf54652waaad21dudrggccqbbdf
575,"Adventures of Milo and Otis, The (Koneko monogatari)",Adventure|Children|Comedy|Drama,loprem??¡?iCDDsumafr0604edlolxf54652waaad21dudsadbhqbbdf
576,Doomed to Die,Crime|Drama|Mystery|Thriller,loprem??¡?iCDDsumafr9995edlolxf54652waaad21dudnlrrgqbbdf
577,Clara and Me (Clara et moi),Drama|Romance,loprem??¡?iCDDsumafr5047edlolxf54652waaad21dudipivuqbbdf
578,"Godzilla, Mothra, and King Ghidorah: Giant Monsters All-Out Attack (Gojira, Mosura, Kingu Gidorâ: Daikaijû sôkôgeki) (Godzilla, Mothra and King Ghidorah: Giant Monsters All-Out Attack)",Action|Fantasy|Sci-Fi,loprem??¡?iCDDsumafr6965edlolxf54652waaad21dudvyqlnqbbdf
579,Finding Normal,Comedy|Romance,loprem??¡?iCDDsumafr8444edlolxf54652waaad21dudimwxgqbbdf
580,Death of a Nation - The Timor Conspiracy,Documentary,loprem??¡?iCDDsumafr6046edlolxf54652waaad21dudibhkxqbbdf
581,Miss Julie,Drama,loprem??¡?iCDDsumafr2518edlolxf54652waaad21dudgekbzqbbdf
582,Wilbur Wants to Kill Himself,Comedy|Drama|Romance,loprem??¡?iCDDsumafr8406edlolxf54652waaad21duddsvlbqbbdf
583,Household Saints,Drama,loprem??¡?iCDDsumafr2850edlolxf54652waaad21dudxzcjwqbbdf
584,The Police Can't Move,Crime,loprem??¡?iCDDsumafr5612edlolxf54652waaad21dudriucnqbbdf
585,"Big Store, The",Comedy|Musical,loprem??¡?iCDDsumafr9202edlolxf54652waaad21duducxozqbbdf
586,One in a Million: The Ron LeFlore Story,Drama,loprem??¡?iCDDsumafr0718edlolxf54652waaad21dudnkyflqbbdf
587,"Eagle, The",Adventure|Drama,loprem??¡?iCDDsumafr2931edlolxf54652waaad21dudlmrykqbbdf
588,Last Days in the Desert,Adventure|Drama,loprem??¡?iCDDsumafr0373edlolxf54652waaad21dudggoniqbbdf
589,Why Worry?,Adventure|Comedy|Romance,loprem??¡?iCDDsumafr9658edlolxf54652waaad21duddinbsqbbdf
590,Things Behind the Sun,Drama,loprem??¡?iCDDsumafr2826edlolxf54652waaad21dudmjctgqbbdf
591,Two for the Road,Comedy|Drama|Romance,loprem??¡?iCDDsumafr0272edlolxf54652waaad21dudblmrzqbbdf
592,7th Cavalry (Seventh Cavalry),Western,loprem??¡?iCDDsumafr6323edlolxf54652waaad21duddvqffqbbdf
593,Ladies They Talk About,Drama|Romance,loprem??¡?iCDDsumafr5532edlolxf54652waaad21dudxxwuqqbbdf
594,Calendar Girl,Comedy|Drama,loprem??¡?iCDDsumafr6440edlolxf54652waaad21dudqxvxtqbbdf
595,"Purge, The",Crime|Horror|Thriller,loprem??¡?iCDDsumafr3157edlolxf54652waaad21dudpdlqmqbbdf
596,Dopamine,Comedy|Drama|Romance,loprem??¡?iCDDsumafr3013edlolxf54652waaad21dudcsokvqbbdf
597,Chained for Life,Crime,loprem??¡?iCDDsumafr9220edlolxf54652waaad21dudchviwqbbdf
598,Tortilla Flat,Comedy|Drama|Romance,loprem??¡?iCDDsumafr4132edlolxf54652waaad21dudzyvwdqbbdf
599,Let It Be,Documentary,loprem??¡?iCDDsumafr2514edlolxf54652waaad21dudhyrivqbbdf
600,Pocket Money,Comedy|Western,loprem??¡?iCDDsumafr2749edlolxf54652waaad21dudkwwgvqbbdf
601,Dead & Buried,Horror,loprem??¡?iCDDsumafr8972edlolxf54652waaad21dudnxjzdqbbdf
602,Abominable,Horror,loprem??¡?iCDDsumafr0021edlolxf54652waaad21dudhhzkgqbbdf
603,101 Reykjavik (101 Reykjavík),Comedy|Drama|Romance,loprem??¡?iCDDsumafr1962edlolxf54652waaad21dudryzgfqbbdf
604,Alive Day Memories: Home from Iraq (Occupation Iraq),Documentary,loprem??¡?iCDDsumafr3549edlolxf54652waaad21dudbsjwvqbbdf
605,Shanghai Express,Adventure|Drama|Romance,loprem??¡?iCDDsumafr5033edlolxf54652waaad21dudjpbonqbbdf
606,Prancer,Children|Drama|Fantasy,loprem??¡?iCDDsumafr5803edlolxf54652waaad21dudencymqbbdf
607,Molly,Comedy|Drama,loprem??¡?iCDDsumafr8951edlolxf54652waaad21dudqaramqbbdf
608,Division III: Football's Finest,Comedy|Romance,loprem??¡?iCDDsumafr2837edlolxf54652waaad21dudcxszlqbbdf
609,Super 8,Mystery|Sci-Fi|Thriller|IMAX,loprem??¡?iCDDsumafr3349edlolxf54652waaad21dudesxteqbbdf
610,Brest Fortress (Brestskaya krepost),Action|Drama|War,loprem??¡?iCDDsumafr3753edlolxf54652waaad21dudguhmeqbbdf
611,Sweet Home,Horror,loprem??¡?iCDDsumafr7702edlolxf54652waaad21dudbbqypqbbdf
612,Guardian Angel,Action|Drama|Thriller,loprem??¡?iCDDsumafr2071edlolxf54652waaad21dudogkucqbbdf
613,Homage,Drama,loprem??¡?iCDDsumafr0385edlolxf54652waaad21dudaxftwqbbdf
614,"King's Speech, The",Drama,loprem??¡?iCDDsumafr7017edlolxf54652waaad21duddmufxqbbdf
615,"Prisoner of Shark Island, The",Drama,loprem??¡?iCDDsumafr6081edlolxf54652waaad21dudsuoklqbbdf
616,Raanjhanaa,Drama|Romance,loprem??¡?iCDDsumafr3920edlolxf54652waaad21dudwrkhwqbbdf
617,"Left-Hand Side of the Fridge, The (Moitié gauche du frigo, La)",Comedy,loprem??¡?iCDDsumafr2772edlolxf54652waaad21dudvjtccqbbdf
618,Coup de grâce (Der Fangschuß),Drama|War,loprem??¡?iCDDsumafr5804edlolxf54652waaad21dudpipacqbbdf
619,Convoy,Action|Comedy|Drama,loprem??¡?iCDDsumafr7304edlolxf54652waaad21dudxdeekqbbdf
620,Smilla's Sense of Snow,Drama|Thriller,loprem??¡?iCDDsumafr8371edlolxf54652waaad21dudothysqbbdf
621,House Arrest,Children|Comedy,loprem??¡?iCDDsumafr5519edlolxf54652waaad21dudrkefnqbbdf
622,Bengazi,Adventure|Crime|Drama,loprem??¡?iCDDsumafr1443edlolxf54652waaad21dudgyvhkqbbdf
623,"Claire's Knee (Genou de Claire, Le)",Comedy|Romance,loprem??¡?iCDDsumafr4668edlolxf54652waaad21dudcogbbqbbdf
624,On the Threshold (Lars i porten),Children|Drama,loprem??¡?iCDDsumafr1193edlolxf54652waaad21dudbdabyqbbdf
625,Blood and Wine (Blood & Wine),Crime|Drama|Thriller,loprem??¡?iCDDsumafr0922edlolxf54652waaad21dudckaddqbbdf
626,Our Little Differences (Die feinen Unterschiede),Drama,loprem??¡?iCDDsumafr5228edlolxf54652waaad21dudbwkdfqbbdf
627,W.R.: Mysteries of the Organism,Comedy|Documentary,loprem??¡?iCDDsumafr8551edlolxf54652waaad21dudkbcggqbbdf
628,I.O.U.S.A. (a.k.a. IOUSA),Documentary,loprem??¡?iCDDsumafr0035edlolxf54652waaad21dudthdnqqbbdf
629,Escape to Athena,Action|Adventure|Comedy|War,loprem??¡?iCDDsumafr7313edlolxf54652waaad21dudzvrpiqbbdf
630,Kitty,Drama,loprem??¡?iCDDsumafr7745edlolxf54652waaad21dudimnioqbbdf
631,Pink Flamingos,Comedy,loprem??¡?iCDDsumafr1324edlolxf54652waaad21dudsnigrqbbdf
632,Stations of the Cross,Drama,loprem??¡?iCDDsumafr6048edlolxf54652waaad21dudozujmqbbdf
633,Between Heaven and Hell,Drama|War,loprem??¡?iCDDsumafr8879edlolxf54652waaad21dudxshwyqbbdf
634,"Woman in The Septic Tank, The (Ang Babae sa septic tank)",Comedy|Musical,loprem??¡?iCDDsumafr3826edlolxf54652waaad21dudrorhfqbbdf
635,Little Nemo: Adventures in Slumberland,Adventure|Animation|Children|Drama|Fantasy,loprem??¡?iCDDsumafr0899edlolxf54652waaad21dudtdyauqbbdf
636,Dadetown,Drama,loprem??¡?iCDDsumafr1699edlolxf54652waaad21dudfzonwqbbdf
637,Three Wise Fools,Comedy|Drama,loprem??¡?iCDDsumafr5526edlolxf54652waaad21dudyctggqbbdf
638,"Painting, The (Tableau, Le)",Animation,loprem??¡?iCDDsumafr3463edlolxf54652waaad21dudummskqbbdf
639,George & A.J.,Animation|Children|Comedy,loprem??¡?iCDDsumafr3293edlolxf54652waaad21dudpulqvqbbdf
640,Orders Signed in White,(no genres listed),loprem??¡?iCDDsumafr7652edlolxf54652waaad21dudulgwhqbbdf
641,Lorna's Silence (Le silence de Lorna),Drama,loprem??¡?iCDDsumafr6411edlolxf54652waaad21dudnbcqzqbbdf
642,"River Called Titas, A (Titash Ekti Nadir Naam)",Drama,loprem??¡?iCDDsumafr7183edlolxf54652waaad21dudrrnznqbbdf
643,"Hurt Locker, The",Action|Drama|Thriller|War,loprem??¡?iCDDsumafr2630edlolxf54652waaad21dudhsakuqbbdf
644,Hood of Horror,Comedy|Drama|Horror,loprem??¡?iCDDsumafr0761edlolxf54652waaad21dudjemsuqbbdf
645,Lost and Delirious,Drama,loprem??¡?iCDDsumafr6924edlolxf54652waaad21dudhesykqbbdf
646,Dead Man's Letters (Pisma myortvogo cheloveka),Drama|Film-Noir,loprem??¡?iCDDsumafr5502edlolxf54652waaad21dudspbdaqbbdf
647,"Princess Diaries 2: Royal Engagement, The",Comedy|Romance,loprem??¡?iCDDsumafr0248edlolxf54652waaad21dudghoesqbbdf
648,"Man Called Sledge, A",Western,loprem??¡?iCDDsumafr6915edlolxf54652waaad21dudvhhzfqbbdf
649,Robin Hood,Adventure|Animation|Children|Comedy|Musical,loprem??¡?iCDDsumafr0982edlolxf54652waaad21dudhwnwiqbbdf
650,"Other Shore, The",Adventure|Documentary,loprem??¡?iCDDsumafr6655edlolxf54652waaad21dudtdsfrqbbdf
651,Red Dust,Drama,loprem??¡?iCDDsumafr3001edlolxf54652waaad21dudgfbseqbbdf
652,Heart Condition,Comedy,loprem??¡?iCDDsumafr2047edlolxf54652waaad21dudebvwbqbbdf
653,Food Matters,Documentary,loprem??¡?iCDDsumafr0709edlolxf54652waaad21dudnlsszqbbdf
654,American Horror House (Sorority Horror House),Horror,loprem??¡?iCDDsumafr6223edlolxf54652waaad21dudoecrbqbbdf
655,Beastmaster 2: Through the Portal of Time,Action|Adventure|Fantasy|Sci-Fi,loprem??¡?iCDDsumafr5529edlolxf54652waaad21dudnvqysqbbdf
656,They Call Me Mister Tibbs!,Crime|Drama|Mystery,loprem??¡?iCDDsumafr5201edlolxf54652waaad21dudhazjnqbbdf
657,Wristcutters: A Love Story,Drama|Fantasy|Romance,loprem??¡?iCDDsumafr0951edlolxf54652waaad21dudhsobjqbbdf
658,Defiance,Action|Crime|Drama,loprem??¡?iCDDsumafr5258edlolxf54652waaad21dudgkezqqbbdf
659,"Assassination Bureau, The",Action|Adventure|Comedy|Crime|Sci-Fi,loprem??¡?iCDDsumafr4682edlolxf54652waaad21dudekbchqbbdf
660,"Glass Slipper, The",Musical|Romance,loprem??¡?iCDDsumafr4624edlolxf54652waaad21dudjfhyhqbbdf
661,Toward the Unknown,Drama|Romance|War,loprem??¡?iCDDsumafr0685edlolxf54652waaad21dudoclkeqbbdf
662,"Road to Hong Kong, The",Comedy,loprem??¡?iCDDsumafr5757edlolxf54652waaad21duddzcimqbbdf
663,Black Dog,Action|Thriller,loprem??¡?iCDDsumafr8707edlolxf54652waaad21dudfrpukqbbdf
664,3 Little Ninjas and the Lost Treasure,Action,loprem??¡?iCDDsumafr9163edlolxf54652waaad21dudgxogeqbbdf
665,"Inevitable Defeat of Mister & Pete, The",Drama,loprem??¡?iCDDsumafr4874edlolxf54652waaad21dudekpcqqbbdf
666,Drona,Action|Adventure|Fantasy|Musical,loprem??¡?iCDDsumafr7066edlolxf54652waaad21dudfupjcqbbdf
667,Sarah's Key (Elle s'appelait Sarah),Drama,loprem??¡?iCDDsumafr9918edlolxf54652waaad21dudirgezqbbdf
668,Peter Ibbetson,Drama|Fantasy|Romance,loprem??¡?iCDDsumafr0823edlolxf54652waaad21dudzwokcqbbdf
669,Penitentiary II,Drama,loprem??¡?iCDDsumafr5595edlolxf54652waaad21dudpxbwhqbbdf
670,Jean de Florette,Drama|Mystery,loprem??¡?iCDDsumafr5676edlolxf54652waaad21dudgtpdeqbbdf
671,Pusher III: I'm the Angel of Death,Action|Comedy|Drama|Horror|Thriller,loprem??¡?iCDDsumafr1161edlolxf54652waaad21dudndnatqbbdf
672,Margaret's Museum,Drama,loprem??¡?iCDDsumafr7859edlolxf54652waaad21duddmfujqbbdf
673,Maid in Manhattan,Comedy|Romance,loprem??¡?iCDDsumafr5184edlolxf54652waaad21dudnjdkmqbbdf
674,No Flesh Shall Be Spared,Documentary,loprem??¡?iCDDsumafr4864edlolxf54652waaad21dudoluxbqbbdf
675,Louis C.K.: Live at the Beacon Theater,Comedy,loprem??¡?iCDDsumafr9103edlolxf54652waaad21dudzhlxoqbbdf
676,Gayby,Comedy|Drama,loprem??¡?iCDDsumafr6122edlolxf54652waaad21dudjavnpqbbdf
677,"Caretakers, The",Drama,loprem??¡?iCDDsumafr2810edlolxf54652waaad21dudhodxkqbbdf
678,Time Changer,Drama|Sci-Fi,loprem??¡?iCDDsumafr5290edlolxf54652waaad21duduwbuyqbbdf
679,"No Blood Relation (Stepchild, The) (Nasanunaka)",Drama,loprem??¡?iCDDsumafr7219edlolxf54652waaad21dudfdmciqbbdf
680,Agent Vinod,Action,loprem??¡?iCDDsumafr4088edlolxf54652waaad21dudqfcmsqbbdf
681,Queen of Blood,Horror|Sci-Fi,loprem??¡?iCDDsumafr2618edlolxf54652waaad21dudskffsqbbdf
682,Stanley Kubrick: A Life in Pictures,Documentary,loprem??¡?iCDDsumafr8246edlolxf54652waaad21dudnzuuhqbbdf
683,Shades of Ray,Comedy|Drama|Romance,loprem??¡?iCDDsumafr7353edlolxf54652waaad21dudqgzhoqbbdf
684,It Came from Beneath the Sea,Sci-Fi,loprem??¡?iCDDsumafr7472edlolxf54652waaad21dudcgpzcqbbdf
685,Larger Than Life,Comedy,loprem??¡?iCDDsumafr8724edlolxf54652waaad21dudvoebsqbbdf
686,Leave The World Behind,Documentary,loprem??¡?iCDDsumafr9331edlolxf54652waaad21duddzlvmqbbdf
687,Bounty Hunters (Bail Enforcers),Action,loprem??¡?iCDDsumafr4103edlolxf54652waaad21duduokzsqbbdf
688,Crazy Mama,Action|Comedy,loprem??¡?iCDDsumafr0811edlolxf54652waaad21dudrzmxlqbbdf
689,"Good Marriage, A (Beau mariage, Le)",Comedy|Drama|Romance,loprem??¡?iCDDsumafr3179edlolxf54652waaad21dudleiovqbbdf
690,All the Young Men,Drama|War,loprem??¡?iCDDsumafr4222edlolxf54652waaad21dudmtrobqbbdf
691,Dragonwyck,Drama|Mystery|Thriller,loprem??¡?iCDDsumafr4301edlolxf54652waaad21dudrnnfcqbbdf
692,Burn Up!,Action|Animation,loprem??¡?iCDDsumafr1970edlolxf54652waaad21duddekniqbbdf
693,High Roller: The Stu Ungar Story,Drama,loprem??¡?iCDDsumafr7809edlolxf54652waaad21dudatteaqbbdf
694,"Life and Death of Colonel Blimp, The",Drama|Romance|War,loprem??¡?iCDDsumafr5118edlolxf54652waaad21dudqwfwnqbbdf
695,Noriko's Dinner Table (Noriko no shokutaku),Drama|Horror,loprem??¡?iCDDsumafr4247edlolxf54652waaad21dudpuajtqbbdf
696,"Master, The",Drama,loprem??¡?iCDDsumafr9675edlolxf54652waaad21dudyvxfqqbbdf
697,"Strada, La",Drama,loprem??¡?iCDDsumafr7410edlolxf54652waaad21dudwzdenqbbdf
698,Phantom Lady,Crime|Film-Noir|Mystery,loprem??¡?iCDDsumafr9594edlolxf54652waaad21dudswlnuqbbdf
699,Spy Kids,Action|Adventure|Children|Comedy,loprem??¡?iCDDsumafr3001edlolxf54652waaad21dudejdqaqbbdf
700,Bringing Up Bobby,Comedy,loprem??¡?iCDDsumafr5720edlolxf54652waaad21dudrgyypqbbdf
701,El Escarabajo de Oro,(no genres listed),loprem??¡?iCDDsumafr3507edlolxf54652waaad21dudoqomdqbbdf
702,They Call Me Mister Tibbs!,Crime|Drama|Mystery,loprem??¡?iCDDsumafr8318edlolxf54652waaad21dudfsmjtqbbdf
703,What a Way to Go!,Comedy|Musical|Romance,loprem??¡?iCDDsumafr2528edlolxf54652waaad21dudsqizqqbbdf
704,Endangered Species,Mystery|Sci-Fi|Thriller,loprem??¡?iCDDsumafr7874edlolxf54652waaad21dudxdwsjqbbdf
705,"Fighting Temptations, The",Drama,loprem??¡?iCDDsumafr3751edlolxf54652waaad21dudalzpxqbbdf
706,Ghosts of Mississippi,Drama,loprem??¡?iCDDsumafr0735edlolxf54652waaad21dudvobltqbbdf
707,Birthday Girl,Drama|Romance,loprem??¡?iCDDsumafr2230edlolxf54652waaad21dudfkaihqbbdf
708,"Silences of the Palace, The (Saimt el Qusur)",Drama,loprem??¡?iCDDsumafr0910edlolxf54652waaad21dudusczvqbbdf
709,Bill Hicks: Sane Man,Comedy,loprem??¡?iCDDsumafr4029edlolxf54652waaad21dudwoeufqbbdf
710,The Roots of Heaven,Adventure|Drama,loprem??¡?iCDDsumafr3711edlolxf54652waaad21dudghmypqbbdf
711,Heartbreakers,Comedy|Crime|Romance,loprem??¡?iCDDsumafr0661edlolxf54652waaad21dudofbsdqbbdf
712,Faces of Death: Fact or Fiction?,Documentary|Horror,loprem??¡?iCDDsumafr6649edlolxf54652waaad21dudetewkqbbdf
713,"Man with the Golden Gun, The",Action|Adventure|Thriller,loprem??¡?iCDDsumafr2400edlolxf54652waaad21dudkgbxrqbbdf
714,Half Past Dead,Action|Crime|Thriller,loprem??¡?iCDDsumafr4267edlolxf54652waaad21dudxlecnqbbdf
715,"Verlorene, Der (Lost One, The)",Crime|Drama|Thriller,loprem??¡?iCDDsumafr9373edlolxf54652waaad21dudolhyzqbbdf
716,Trio,Drama|Romance,loprem??¡?iCDDsumafr9148edlolxf54652waaad21dudmjgilqbbdf
717,Dear God,Comedy,loprem??¡?iCDDsumafr0598edlolxf54652waaad21dudlpehlqbbdf
718,Paris Is Burning,Documentary,loprem??¡?iCDDsumafr7090edlolxf54652waaad21dudhlfoiqbbdf
719,Madhouse,Crime|Horror|Mystery,loprem??¡?iCDDsumafr8598edlolxf54652waaad21dudcvisgqbbdf
720,Last Days,Drama,loprem??¡?iCDDsumafr3516edlolxf54652waaad21dudnenbzqbbdf
721,"Boogeyman, The",Horror,loprem??¡?iCDDsumafr5209edlolxf54652waaad21dudrjuqoqbbdf
722,"Pirates of Penzance, The",Adventure|Comedy|Musical,loprem??¡?iCDDsumafr7561edlolxf54652waaad21dudozaijqbbdf
723,"Cool, Dry Place, A",Drama,loprem??¡?iCDDsumafr9409edlolxf54652waaad21dudzchryqbbdf
724,Love Affair,Comedy|Drama|Romance,loprem??¡?iCDDsumafr1911edlolxf54652waaad21dudkniofqbbdf
725,Loves of a Blonde (Lásky jedné plavovlásky),Comedy|Drama|Romance,loprem??¡?iCDDsumafr3597edlolxf54652waaad21duddbjheqbbdf
726,Help! I'm A Fish,Adventure|Animation|Comedy,loprem??¡?iCDDsumafr7815edlolxf54652waaad21dudnxfzaqbbdf
727,"Human Scale, The",Documentary,loprem??¡?iCDDsumafr7377edlolxf54652waaad21dudqusskqbbdf
728,"Singing Marine, The",Comedy|Musical|Romance,loprem??¡?iCDDsumafr8347edlolxf54652waaad21dudrupclqbbdf
729,Take the Lead,Drama,loprem??¡?iCDDsumafr8466edlolxf54652waaad21dudpuuevqbbdf
730,"Godzilla, Mothra, and King Ghidorah: Giant Monsters All-Out Attack (Gojira, Mosura, Kingu Gidorâ: Daikaijû sôkôgeki) (Godzilla, Mothra and King Ghidorah: Giant Monsters All-Out Attack)",Action|Fantasy|Sci-Fi,loprem??¡?iCDDsumafr1278edlolxf54652waaad21dudbnpbpqbbdf
731,Losin' It,Comedy,loprem??¡?iCDDsumafr0250edlolxf54652waaad21dudxfmzvqbbdf
732,Still Breathing,Comedy|Romance,loprem??¡?iCDDsumafr3295edlolxf54652waaad21dudchgyeqbbdf
733,The New Centurions,Action|Crime|Drama,loprem??¡?iCDDsumafr8263edlolxf54652waaad21duduszdtqbbdf
734,Devil's Knot,Crime|Drama|Thriller,loprem??¡?iCDDsumafr6962edlolxf54652waaad21dudvfqbxqbbdf
735,"Young Visiters, The",Comedy|Romance,loprem??¡?iCDDsumafr6566edlolxf54652waaad21dudidqbvqbbdf
736,Kathleen,Comedy|Drama|Romance,loprem??¡?iCDDsumafr8033edlolxf54652waaad21dudsegvuqbbdf
737,Camarón: When Flamenco Became Legend,Drama,loprem??¡?iCDDsumafr3439edlolxf54652waaad21dudwsorxqbbdf
738,Holy Man,Comedy,loprem??¡?iCDDsumafr1049edlolxf54652waaad21dudkrlsrqbbdf
739,Air Force,Action|Drama|War,loprem??¡?iCDDsumafr7203edlolxf54652waaad21dudxnnwyqbbdf
740,Stardust,Drama,loprem??¡?iCDDsumafr7551edlolxf54652waaad21dudyabjcqbbdf
741,"Hole in the Head, A",Comedy|Musical,loprem??¡?iCDDsumafr9549edlolxf54652waaad21dudfssjfqbbdf
742,Nömadak TX,Documentary|Musical,loprem??¡?iCDDsumafr2649edlolxf54652waaad21dudmtceaqbbdf
743,Snug as a Bug (U Pana Boga za piecem),Comedy|Drama,loprem??¡?iCDDsumafr3901edlolxf54652waaad21dudpqvdyqbbdf
744,All Over the Guy,Comedy,loprem??¡?iCDDsumafr5127edlolxf54652waaad21dudqlwfyqbbdf
745,I'm Here,Drama,loprem??¡?iCDDsumafr4266edlolxf54652waaad21dudwfwqsqbbdf
746,Cobra,Action|Crime,loprem??¡?iCDDsumafr6085edlolxf54652waaad21dudapurdqbbdf
747,Vivre sa vie: Film en douze tableaux (My Life to Live),Drama,loprem??¡?iCDDsumafr7177edlolxf54652waaad21duduaginqbbdf
748,"Veronika Voss (Sehnsucht der Veronika Voss, Die)",Drama,loprem??¡?iCDDsumafr7981edlolxf54652waaad21dudeknryqbbdf
749,"Outlaw, The (Lope)",Drama,loprem??¡?iCDDsumafr5644edlolxf54652waaad21dudtucmbqbbdf
750,Cleanskin,Crime|Drama|Thriller,loprem??¡?iCDDsumafr2571edlolxf54652waaad21dudeeeyqqbbdf
751,Prey for Rock & Roll,Drama|Musical,loprem??¡?iCDDsumafr8259edlolxf54652waaad21dudygrcwqbbdf
752,White Water Summer,Adventure,loprem??¡?iCDDsumafr8745edlolxf54652waaad21dudwyrbjqbbdf
753,Porco Rosso (Crimson Pig) (Kurenai no buta),Adventure|Animation|Comedy|Fantasy|Romance,loprem??¡?iCDDsumafr2315edlolxf54652waaad21dudfwynoqbbdf
754,Confessions of a Driving Instructor,Comedy,loprem??¡?iCDDsumafr3603edlolxf54652waaad21dudqwatvqbbdf
755,Local Color,Drama,loprem??¡?iCDDsumafr8919edlolxf54652waaad21dudmpkvrqbbdf
756,Back Street,Drama,loprem??¡?iCDDsumafr5885edlolxf54652waaad21duddhwiwqbbdf
757,Submerged,Action,loprem??¡?iCDDsumafr5904edlolxf54652waaad21dudsoobbqbbdf
758,Sahara,Action|Drama|War,loprem??¡?iCDDsumafr5751edlolxf54652waaad21dudufievqbbdf
759,Garage Sale Mystery,Drama,loprem??¡?iCDDsumafr3363edlolxf54652waaad21dudrabbpqbbdf
760,Fog City Mavericks,Documentary,loprem??¡?iCDDsumafr7268edlolxf54652waaad21dudftdwmqbbdf
761,Ida,Drama,loprem??¡?iCDDsumafr3710edlolxf54652waaad21dudscjffqbbdf
762,Firaaq,Drama,loprem??¡?iCDDsumafr3264edlolxf54652waaad21dudvvnoxqbbdf
763,Ordinary People,Drama,loprem??¡?iCDDsumafr0771edlolxf54652waaad21dudzavuvqbbdf
764,Tom Segura: Completely Normal,Comedy,loprem??¡?iCDDsumafr5054edlolxf54652waaad21dudjsajwqbbdf
765,All the Light in the Sky,Drama,loprem??¡?iCDDsumafr7531edlolxf54652waaad21dudieyeaqbbdf
766,Quebrando o Tabu,Documentary,loprem??¡?iCDDsumafr4017edlolxf54652waaad21dudsjxcsqbbdf
767,Beyond the Rocks,Drama|Romance,loprem??¡?iCDDsumafr6406edlolxf54652waaad21dudkwymuqbbdf
768,Orlando,Drama|Fantasy|Romance,loprem??¡?iCDDsumafr7874edlolxf54652waaad21dudzowpwqbbdf
769,Fraulein (Das Fräulein) ,Drama,loprem??¡?iCDDsumafr5660edlolxf54652waaad21dudyhzrcqbbdf
770,"Yesterday, Today and Tomorrow (Ieri, oggi, domani)",Comedy,loprem??¡?iCDDsumafr3460edlolxf54652waaad21dudkaqkcqbbdf
771,Chuck & Buck,Comedy|Drama,loprem??¡?iCDDsumafr4631edlolxf54652waaad21dudhxiagqbbdf
772,That Sugar Film,Documentary,loprem??¡?iCDDsumafr1652edlolxf54652waaad21dudvpticqbbdf
773,The Photographer,Drama,loprem??¡?iCDDsumafr3965edlolxf54652waaad21dudpbslfqbbdf
774,Rio,Adventure|Animation|Children|Comedy,loprem??¡?iCDDsumafr3609edlolxf54652waaad21dudhhcjfqbbdf
775,Extraterrestrial,Horror|Sci-Fi,loprem??¡?iCDDsumafr0521edlolxf54652waaad21dudezymfqbbdf
776,Extreme Prejudice,Action,loprem??¡?iCDDsumafr7097edlolxf54652waaad21dudgumgdqbbdf
777,Outbreak,Action|Drama|Sci-Fi|Thriller,loprem??¡?iCDDsumafr5822edlolxf54652waaad21dudilccfqbbdf
778,"That Day, on the Beach (Hai tan de yi tian)",Drama,loprem??¡?iCDDsumafr1450edlolxf54652waaad21dudulwxaqbbdf
779,Dumb and Dumberer: When Harry Met Lloyd,Comedy,loprem??¡?iCDDsumafr7973edlolxf54652waaad21dudfekaiqbbdf
780,Valentine Road,Documentary,loprem??¡?iCDDsumafr1530edlolxf54652waaad21dudlhjynqbbdf
781,"Love, Money, Love",Drama|Romance,loprem??¡?iCDDsumafr4190edlolxf54652waaad21duddmhvfqbbdf
782,"Gazebo, The",Comedy|Crime,loprem??¡?iCDDsumafr4282edlolxf54652waaad21dudpkiofqbbdf
783,Rainbow Valley,Action|Romance|Western,loprem??¡?iCDDsumafr9356edlolxf54652waaad21dudjrpadqbbdf
784,"Statues Also Die (Statues meurent aussi, Les)",Documentary,loprem??¡?iCDDsumafr0083edlolxf54652waaad21dudtuncsqbbdf
785,"Ascent, The (Voskhozhdeniye)",Drama|War,loprem??¡?iCDDsumafr6540edlolxf54652waaad21dudnpkgxqbbdf
786,"Smart Set, The",Comedy|Drama,loprem??¡?iCDDsumafr3024edlolxf54652waaad21duddddazqbbdf
787,"Rocket, The",Drama,loprem??¡?iCDDsumafr3158edlolxf54652waaad21dudklfzrqbbdf
788,Lucky,Comedy|Crime|Romance,loprem??¡?iCDDsumafr1923edlolxf54652waaad21dudcqcdoqbbdf
789,Nothing But the Night,Crime|Horror|Mystery|Thriller,loprem??¡?iCDDsumafr0955edlolxf54652waaad21dudtjueqqbbdf
790,October Country,Documentary,loprem??¡?iCDDsumafr7992edlolxf54652waaad21dudjqcgnqbbdf
791,God’s Wedding (As Bodas de Deus),Comedy,loprem??¡?iCDDsumafr3059edlolxf54652waaad21dudnzcysqbbdf
792,Bright Days Ahead,Drama|Romance,loprem??¡?iCDDsumafr6940edlolxf54652waaad21dudhqdewqbbdf
793,Icon,Action|Adventure|Crime|Drama|Thriller,loprem??¡?iCDDsumafr7218edlolxf54652waaad21dudvkqfyqbbdf
794,"Grave, The",Comedy|Horror|Thriller,loprem??¡?iCDDsumafr8120edlolxf54652waaad21dudngmgoqbbdf
795,Buck Privates,Comedy|Musical,loprem??¡?iCDDsumafr5030edlolxf54652waaad21dudpupsaqbbdf
796,"Angel Named Billy, An",Drama,loprem??¡?iCDDsumafr0157edlolxf54652waaad21dudnuhgoqbbdf
797,Skokie ,Drama,loprem??¡?iCDDsumafr2544edlolxf54652waaad21duduenklqbbdf
798,Harrison Bergeron,Drama|Sci-Fi,loprem??¡?iCDDsumafr0686edlolxf54652waaad21dudwspueqbbdf
799,Psycho,Crime|Horror,loprem??¡?iCDDsumafr2856edlolxf54652waaad21dudzxnqzqbbdf
800,"Notebook, The (A nagy füzet)",Drama|War,loprem??¡?iCDDsumafr7043edlolxf54652waaad21duduxaelqbbdf
801,Reunion in France,Drama|Romance|War,loprem??¡?iCDDsumafr7053edlolxf54652waaad21dudnbvnkqbbdf
802,"Hole, The",Horror|Thriller,loprem??¡?iCDDsumafr6876edlolxf54652waaad21duddgukrqbbdf
803,Ragamuffin,Drama,loprem??¡?iCDDsumafr5588edlolxf54652waaad21dudqxgxhqbbdf
804,Hemingway & Gellhorn,Drama|Romance|War,loprem??¡?iCDDsumafr3792edlolxf54652waaad21dudmktljqbbdf
805,"Skin, Skin (Käpy selän alla)",Drama,loprem??¡?iCDDsumafr7769edlolxf54652waaad21duduhsinqbbdf
806,Your Friend the Rat,Animation,loprem??¡?iCDDsumafr3399edlolxf54652waaad21duddkmmuqbbdf
807,Meatballs Part II,Comedy,loprem??¡?iCDDsumafr6932edlolxf54652waaad21dudluyfcqbbdf
808,Battle for the Planet of the Apes,Action|Sci-Fi,loprem??¡?iCDDsumafr4473edlolxf54652waaad21dudfwoqaqbbdf
809,"Legend II, The (Fong Sai Yuk juk jaap)",Action|Adventure|Comedy,loprem??¡?iCDDsumafr9203edlolxf54652waaad21dudjazwdqbbdf
810,Stereo,Sci-Fi,loprem??¡?iCDDsumafr1396edlolxf54652waaad21dudlyfhaqbbdf
811,They Have Escaped (He ovat paenneet),Drama,loprem??¡?iCDDsumafr9880edlolxf54652waaad21dudlwtgpqbbdf
812,Lonely Are the Brave,Drama|Western,loprem??¡?iCDDsumafr6638edlolxf54652waaad21dudfmznpqbbdf
813,Don't Move (Non ti muovere),Drama,loprem??¡?iCDDsumafr4539edlolxf54652waaad21dudvngneqbbdf
814,Ride in the Whirlwind,Western,loprem??¡?iCDDsumafr5248edlolxf54652waaad21dudgxpstqbbdf
815,Godzilla,Action|Sci-Fi|Thriller,loprem??¡?iCDDsumafr8705edlolxf54652waaad21dudoqptlqbbdf
816,Dinner with Friends,Comedy|Drama,loprem??¡?iCDDsumafr7254edlolxf54652waaad21dudhbrxhqbbdf
817,My Son (Mon fils à moi),Drama,loprem??¡?iCDDsumafr8647edlolxf54652waaad21dudkdhygqbbdf
818,Summer of '62 (Cartouches gauloises),Drama|War,loprem??¡?iCDDsumafr5496edlolxf54652waaad21dudsokujqbbdf
819,"Jerk, The",Comedy,loprem??¡?iCDDsumafr0876edlolxf54652waaad21dudumwqvqbbdf
820,"Beast of Yucca Flats, The",Horror|Sci-Fi,loprem??¡?iCDDsumafr9626edlolxf54652waaad21duddwkurqbbdf
821,Casshern,Action|Drama|Fantasy|Sci-Fi,loprem??¡?iCDDsumafr9640edlolxf54652waaad21dudongjaqbbdf
822,"Crimson Rivers 2: Angels of the Apocalypse (Rivières pourpres II - Les anges de l'apocalypse, Les)",Action|Crime|Thriller,loprem??¡?iCDDsumafr4666edlolxf54652waaad21dudpivyfqbbdf
823,"Silent House, The (La casa muda)",Horror|Thriller,loprem??¡?iCDDsumafr7839edlolxf54652waaad21dudujzecqbbdf
824,My Girl 2,Comedy|Drama|Romance,loprem??¡?iCDDsumafr1765edlolxf54652waaad21dudslnkrqbbdf
825,"Class Trip, The (La classe de neige)",Drama|Mystery,loprem??¡?iCDDsumafr3432edlolxf54652waaad21dudpuxytqbbdf
826,Original Sin,Drama|Romance|Thriller,loprem??¡?iCDDsumafr3697edlolxf54652waaad21dudnsqucqbbdf
827,"Man in the Gray Flannel Suit, The",Drama,loprem??¡?iCDDsumafr7217edlolxf54652waaad21dudhxemkqbbdf
828,Chaplin,Drama,loprem??¡?iCDDsumafr1780edlolxf54652waaad21dudvzzicqbbdf
829,Bye Bye Brazil (Bye Bye Brasil),Drama,loprem??¡?iCDDsumafr2685edlolxf54652waaad21dudwharmqbbdf
830,Marilyn in Manhattan,(no genres listed),loprem??¡?iCDDsumafr6440edlolxf54652waaad21dudhmxryqbbdf
831,All About Lily Chou-Chou (Riri Shushu no subete),Crime|Drama|Thriller,loprem??¡?iCDDsumafr2879edlolxf54652waaad21dudeozhtqbbdf
832,Close My Eyes,Drama|Romance,loprem??¡?iCDDsumafr9421edlolxf54652waaad21dudbnxlcqbbdf
833,Death Rides a Horse (Da uomo a uomo),Action|Western,loprem??¡?iCDDsumafr5248edlolxf54652waaad21dudfmictqbbdf
834,X-Men Origins: Wolverine,Action|Sci-Fi|Thriller,loprem??¡?iCDDsumafr1012edlolxf54652waaad21dudaypnmqbbdf
835,Enter the Void,Drama,loprem??¡?iCDDsumafr9989edlolxf54652waaad21dudytnncqbbdf
836,Eraser,Action|Drama|Thriller,loprem??¡?iCDDsumafr8147edlolxf54652waaad21dudxhoirqbbdf
837,Dodgeball: A True Underdog Story,Comedy,loprem??¡?iCDDsumafr1815edlolxf54652waaad21dudmeqhoqbbdf
838,Defenseless,Thriller,loprem??¡?iCDDsumafr2313edlolxf54652waaad21dudyudfkqbbdf
839,Colonel Redl (Oberst Redl),Drama,loprem??¡?iCDDsumafr4772edlolxf54652waaad21dudhpjfsqbbdf
840,Free Men (Les hommes libres),Drama|War,loprem??¡?iCDDsumafr2766edlolxf54652waaad21dudplmuxqbbdf
841,"Drawn Together Movie: The Movie!, The",Animation|Comedy,loprem??¡?iCDDsumafr8338edlolxf54652waaad21dudzplygqbbdf
842,Way Out West,Comedy|Western,loprem??¡?iCDDsumafr9495edlolxf54652waaad21dudmsgjkqbbdf
843,"Hangover Part III, The",Comedy,loprem??¡?iCDDsumafr8839edlolxf54652waaad21dudpzycaqbbdf
844,"Dinner Guest, The (L'invité)",Comedy,loprem??¡?iCDDsumafr8405edlolxf54652waaad21dudyvyvuqbbdf
845,Bonnie Scotland (Heroes of the Regiment),Comedy,loprem??¡?iCDDsumafr6125edlolxf54652waaad21dudrgktgqbbdf
846,Pauline & Paulette (Pauline en Paulette),Comedy|Drama,loprem??¡?iCDDsumafr4426edlolxf54652waaad21dudhuvtjqbbdf
847,Police Academy 2: Their First Assignment,Comedy|Crime,loprem??¡?iCDDsumafr3884edlolxf54652waaad21dudrhkbbqbbdf
848,Time Walker (a.k.a. Being From Another Planet),Horror|Sci-Fi,loprem??¡?iCDDsumafr1459edlolxf54652waaad21dudtcmdyqbbdf
849,"Gambler, The (Játékos, A)",Drama,loprem??¡?iCDDsumafr4388edlolxf54652waaad21dudesfuoqbbdf
850,5 Against the House,Crime|Drama|Film-Noir,loprem??¡?iCDDsumafr6625edlolxf54652waaad21dudpdtlsqbbdf
851,Storm Rider,Drama,loprem??¡?iCDDsumafr6966edlolxf54652waaad21dudqoohiqbbdf
852,Transformers: Revenge of the Fallen,Action|Adventure|Sci-Fi|IMAX,loprem??¡?iCDDsumafr1574edlolxf54652waaad21dudgzxmnqbbdf
853,Humanoids from the Deep,Horror|Sci-Fi,loprem??¡?iCDDsumafr7043edlolxf54652waaad21dudvvucjqbbdf
854,Parisian Love,Comedy|Crime|Drama|Romance,loprem??¡?iCDDsumafr4836edlolxf54652waaad21dudnqhgjqbbdf
855,Without a Paddle,Comedy,loprem??¡?iCDDsumafr3286edlolxf54652waaad21dudglrcoqbbdf
856,Tully,Drama,loprem??¡?iCDDsumafr8984edlolxf54652waaad21dudzfeenqbbdf
857,"Cimarron Kid, The",Western,loprem??¡?iCDDsumafr6086edlolxf54652waaad21dudbhblnqbbdf
858,Closet Land,Drama|Thriller,loprem??¡?iCDDsumafr7710edlolxf54652waaad21dudkododqbbdf
859,Chungking Express (Chung Hing sam lam),Drama|Mystery|Romance,loprem??¡?iCDDsumafr5351edlolxf54652waaad21dudwfylpqbbdf
860,Retro Puppet Master (Puppet Master 7),Horror|Sci-Fi|Thriller,loprem??¡?iCDDsumafr0117edlolxf54652waaad21dudnhfikqbbdf
861,Red Dragon,Crime|Mystery|Thriller,loprem??¡?iCDDsumafr5247edlolxf54652waaad21dudascdmqbbdf
862,Cord (Hide and Seek),Crime|Drama|Thriller,loprem??¡?iCDDsumafr7152edlolxf54652waaad21dudvdxzcqbbdf
863,All Night Long,Drama,loprem??¡?iCDDsumafr5117edlolxf54652waaad21dudpodmhqbbdf
864,Tiger Eyes,Drama,loprem??¡?iCDDsumafr7000edlolxf54652waaad21dudbbzsjqbbdf
865,"Mighty Quinn, The",Crime|Mystery,loprem??¡?iCDDsumafr8740edlolxf54652waaad21dudbjnneqbbdf
866,"Singing Marine, The",Comedy|Musical|Romance,loprem??¡?iCDDsumafr0765edlolxf54652waaad21duduxuanqbbdf
867,Divorce American Style,Comedy,loprem??¡?iCDDsumafr9440edlolxf54652waaad21dudzhdhbqbbdf
868,In a Lonely Place,Drama|Film-Noir|Mystery|Romance,loprem??¡?iCDDsumafr4512edlolxf54652waaad21dudnocuqqbbdf
869,Missionary,Drama|Thriller,loprem??¡?iCDDsumafr2433edlolxf54652waaad21dudkkowkqbbdf
870,"Piano Teacher, The (La pianiste)",Drama,loprem??¡?iCDDsumafr3030edlolxf54652waaad21dudwfsksqbbdf
871,Human Capital (Il capitale umano),Drama,loprem??¡?iCDDsumafr7028edlolxf54652waaad21dudtwarzqbbdf
872,Rollerball,Action|Drama|Sci-Fi,loprem??¡?iCDDsumafr2597edlolxf54652waaad21duddivmyqbbdf
873,Blade Runner,Action|Sci-Fi|Thriller,loprem??¡?iCDDsumafr3655edlolxf54652waaad21duddirarqbbdf
874,Paycheck,Action|Sci-Fi|Thriller,loprem??¡?iCDDsumafr3758edlolxf54652waaad21dudhkhtlqbbdf
875,Doctor Who: The Time of the Doctor,(no genres listed),loprem??¡?iCDDsumafr5417edlolxf54652waaad21dudwpnqxqbbdf
876,"Brothers, The",Comedy|Drama,loprem??¡?iCDDsumafr5434edlolxf54652waaad21dudidbjcqbbdf
877,The Fox and the Hare,Animation|Children,loprem??¡?iCDDsumafr0758edlolxf54652waaad21dudkzblkqbbdf
878,"Divide, The",Thriller,loprem??¡?iCDDsumafr9870edlolxf54652waaad21dudkzdccqbbdf
879,Stuff and Dough (Marfa si banii),Drama,loprem??¡?iCDDsumafr4578edlolxf54652waaad21duddocdxqbbdf
880,Dragonball Evolution,Action|Adventure|Fantasy|Sci-Fi,loprem??¡?iCDDsumafr9787edlolxf54652waaad21dudaqhfhqbbdf
881,Naked Blood: Megyaku (Nekeddo burâddo: Megyaku),Horror,loprem??¡?iCDDsumafr9207edlolxf54652waaad21dudltrzoqbbdf
882,Scooby-Doo! Camp Scare,Adventure|Animation|Children|Comedy|Mystery,loprem??¡?iCDDsumafr3377edlolxf54652waaad21dudhrzlaqbbdf
883,Lovely Molly,Horror,loprem??¡?iCDDsumafr7837edlolxf54652waaad21dudttiaaqbbdf
884,Will It Snow For Christmas? (Y'aura-t-il de la neige à Noël?),Drama,loprem??¡?iCDDsumafr5000edlolxf54652waaad21dudwryzdqbbdf
885,Silverado,Action|Western,loprem??¡?iCDDsumafr7897edlolxf54652waaad21dudkxfrnqbbdf
886,Doubt,Drama|Mystery,loprem??¡?iCDDsumafr6338edlolxf54652waaad21dudorfdsqbbdf
887,"Other Woman, The",Drama,loprem??¡?iCDDsumafr2508edlolxf54652waaad21dudtxdzqqbbdf
888,Dragonheart 2: A New Beginning,Action|Adventure|Comedy|Drama|Fantasy|Thriller,loprem??¡?iCDDsumafr2684edlolxf54652waaad21dudwutopqbbdf
889,Legion of the Dead,Comedy|Horror,loprem??¡?iCDDsumafr5247edlolxf54652waaad21dudvgkkfqbbdf
890,Charlie Chan's Greatest Case,Mystery,loprem??¡?iCDDsumafr1013edlolxf54652waaad21dudsrjnoqbbdf
891,King Creole,Crime|Drama|Musical,loprem??¡?iCDDsumafr4415edlolxf54652waaad21duduqgwfqbbdf
892,"Strange Case of Dr. Jekyll and Mr. Hyde, The",Drama|Horror|Sci-Fi|Thriller,loprem??¡?iCDDsumafr2376edlolxf54652waaad21dudgbuaoqbbdf
893,"Tailor of Panama, The",Drama|Thriller,loprem??¡?iCDDsumafr0841edlolxf54652waaad21dudtktjyqbbdf
894,"Duchess, The",Drama|Romance,loprem??¡?iCDDsumafr0094edlolxf54652waaad21dudjlxulqbbdf
895,Jimi: All Is by My Side,Drama,loprem??¡?iCDDsumafr0532edlolxf54652waaad21dudruftgqbbdf
896,Playing,Documentary,loprem??¡?iCDDsumafr7835edlolxf54652waaad21dudyzebvqbbdf
897,God's Pocket,Drama,loprem??¡?iCDDsumafr2481edlolxf54652waaad21dudkhxysqbbdf
898,99 francs,Comedy,loprem??¡?iCDDsumafr9029edlolxf54652waaad21dudcbahhqbbdf
899,Puncture,Drama,loprem??¡?iCDDsumafr0877edlolxf54652waaad21dudnywvsqbbdf
900,"Blood, Guts, Bullets and Octane",Action|Comedy,loprem??¡?iCDDsumafr4344edlolxf54652waaad21dudmtcukqbbdf
901,Border Radio,Drama,loprem??¡?iCDDsumafr9367edlolxf54652waaad21dudhfdofqbbdf
902,Deep Crimson (Profundo carmesí),Crime|Drama,loprem??¡?iCDDsumafr1296edlolxf54652waaad21dudloljdqbbdf
903,"Butcher Boy, The",Comedy|Drama,loprem??¡?iCDDsumafr2392edlolxf54652waaad21dudkszhkqbbdf
904,Fear Island,Horror|Mystery|Thriller,loprem??¡?iCDDsumafr3845edlolxf54652waaad21dudvaqpuqbbdf
905,Backfire,Crime|Film-Noir|Mystery|Romance|Thriller,loprem??¡?iCDDsumafr3527edlolxf54652waaad21dudqjnxfqbbdf
906,"Revenge of Frankenstein, The",Drama|Horror|Sci-Fi,loprem??¡?iCDDsumafr6509edlolxf54652waaad21dudpymbbqbbdf
907,"That Day, on the Beach (Hai tan de yi tian)",Drama,loprem??¡?iCDDsumafr4003edlolxf54652waaad21dudfbpneqbbdf
908,Woman on the Beach (Haebyeonui yeoin),Comedy|Drama,loprem??¡?iCDDsumafr8033edlolxf54652waaad21dudykegfqbbdf
909,Thunderbolt and Lightfoot,Action,loprem??¡?iCDDsumafr3152edlolxf54652waaad21dudjoqghqbbdf
910,Flicker,Horror,loprem??¡?iCDDsumafr1584edlolxf54652waaad21dudbsnaiqbbdf
911,Mr. North,Comedy|Drama,loprem??¡?iCDDsumafr6670edlolxf54652waaad21dudqqrkoqbbdf
912,Hard Target,Action|Adventure|Crime|Thriller,loprem??¡?iCDDsumafr3208edlolxf54652waaad21dudbeexwqbbdf
913,"Greening of Whitney Brown, The",Adventure,loprem??¡?iCDDsumafr8703edlolxf54652waaad21dudlvzcpqbbdf
914,A Chinese in a Coma,Comedy,loprem??¡?iCDDsumafr9182edlolxf54652waaad21dudidcthqbbdf
915,Frontier of the Dawn (La frontière de l'aube),Drama,loprem??¡?iCDDsumafr3815edlolxf54652waaad21dudtvjamqbbdf
916,The Gamers,Adventure|Comedy|Fantasy,loprem??¡?iCDDsumafr0886edlolxf54652waaad21dudhzzhwqbbdf
917,Keane,Mystery|Thriller,loprem??¡?iCDDsumafr8374edlolxf54652waaad21dudjpobvqbbdf
918,Valley of the Dolls,Drama,loprem??¡?iCDDsumafr2983edlolxf54652waaad21dudghpobqbbdf
919,"Brothers O'Toole, The",Comedy|Western,loprem??¡?iCDDsumafr3539edlolxf54652waaad21dudughjkqbbdf
920,"Order of Myths, The",Documentary,loprem??¡?iCDDsumafr3115edlolxf54652waaad21dudkqkcpqbbdf
921,Rat,Comedy|Drama|Romance,loprem??¡?iCDDsumafr9895edlolxf54652waaad21duddzbytqbbdf
922,The Package,Action,loprem??¡?iCDDsumafr1480edlolxf54652waaad21dudmdnyzqbbdf
923,Sybil,Drama,loprem??¡?iCDDsumafr3358edlolxf54652waaad21dudldhpdqbbdf
924,Jönssonligan får guldfeber,Comedy,loprem??¡?iCDDsumafr6447edlolxf54652waaad21duddyytyqbbdf
925,Audition (Konkurs),Documentary,loprem??¡?iCDDsumafr1340edlolxf54652waaad21dudgzstgqbbdf
926,Favela Rising,Documentary,loprem??¡?iCDDsumafr3933edlolxf54652waaad21dudtuyseqbbdf
927,Cloverfield,Action|Mystery|Sci-Fi|Thriller,loprem??¡?iCDDsumafr3062edlolxf54652waaad21dudttiotqbbdf
928,"Hamiltons, The",Drama|Horror|Thriller,loprem??¡?iCDDsumafr0246edlolxf54652waaad21dudxsqedqbbdf
929,Bubble Boy,Comedy,loprem??¡?iCDDsumafr4771edlolxf54652waaad21dudscnivqbbdf
930,"Crimson Petal and the White, The",Drama|Romance,loprem??¡?iCDDsumafr0134edlolxf54652waaad21dudplproqbbdf
931,Friday Night Lights,Action|Drama,loprem??¡?iCDDsumafr9504edlolxf54652waaad21dudsffleqbbdf
932,"Patch of Blue, A",Drama|Romance,loprem??¡?iCDDsumafr5017edlolxf54652waaad21dudkqinhqbbdf
933,Last of the Dogmen,Adventure|Western,loprem??¡?iCDDsumafr7682edlolxf54652waaad21dudriqxzqbbdf
934,Fright Night,Comedy|Horror|Thriller,loprem??¡?iCDDsumafr7353edlolxf54652waaad21dudaedpzqbbdf
935,LEGO DC Comics Super Heroes: Justice League vs. Bizarro League,Action|Adventure|Animation|Children,loprem??¡?iCDDsumafr4008edlolxf54652waaad21dudxwxirqbbdf
936,The Land Before Time VIII: The Big Freeze,Adventure|Animation|Children,loprem??¡?iCDDsumafr0396edlolxf54652waaad21dudbevupqbbdf
937,"Salo, or The 120 Days of Sodom (Salò o le 120 giornate di Sodoma)",Drama,loprem??¡?iCDDsumafr5743edlolxf54652waaad21dudlblfdqbbdf
938,Sex Up Your Life!,Comedy,loprem??¡?iCDDsumafr5627edlolxf54652waaad21dudfgueoqbbdf
939,"Crimson Pirate, The",Adventure|Comedy,loprem??¡?iCDDsumafr5310edlolxf54652waaad21dudmztrdqbbdf
940,Wild America,Adventure|Children,loprem??¡?iCDDsumafr0324edlolxf54652waaad21dudcjbczqbbdf
941,Army of Darkness,Action|Adventure|Comedy|Fantasy|Horror,loprem??¡?iCDDsumafr2712edlolxf54652waaad21dudbqycnqbbdf
942,Diabolique,Drama|Thriller,loprem??¡?iCDDsumafr4342edlolxf54652waaad21dudvkvouqbbdf
943,XIII: The Conspiracy,Action|Crime|Mystery|Thriller,loprem??¡?iCDDsumafr9957edlolxf54652waaad21dudznqofqbbdf
944,Tai Chi Master (Twin Warriors) (Tai ji: Zhang San Feng),Action|Adventure|Comedy|Drama,loprem??¡?iCDDsumafr8411edlolxf54652waaad21dudcebyzqbbdf
945,Lola,Drama,loprem??¡?iCDDsumafr6529edlolxf54652waaad21dudemqemqbbdf
946,Tadpole,Comedy|Drama|Romance,loprem??¡?iCDDsumafr0705edlolxf54652waaad21dudfoaqwqbbdf
947,L'instant et la patience ,Documentary,loprem??¡?iCDDsumafr9480edlolxf54652waaad21dudtwkyrqbbdf
948,We Can Be Heroes,(no genres listed),loprem??¡?iCDDsumafr5603edlolxf54652waaad21dudbpuahqbbdf
949,Age of Uprising: The Legend of Michael Kohlhaas (Michael Kohlhaas),Drama,loprem??¡?iCDDsumafr3103edlolxf54652waaad21dudafssbqbbdf
950,Zebra Lounge,Thriller,loprem??¡?iCDDsumafr6455edlolxf54652waaad21dudncmptqbbdf
951,Wild Horses (Caballos salvajes),Drama,loprem??¡?iCDDsumafr0086edlolxf54652waaad21dudxiwaeqbbdf
952,Sabotage,Action|Crime|Drama,loprem??¡?iCDDsumafr2602edlolxf54652waaad21dudkkyhgqbbdf
953,"Beach Girls and the Monster, The",Horror,loprem??¡?iCDDsumafr7390edlolxf54652waaad21dudekuptqbbdf
954,Jamaica Inn,Drama,loprem??¡?iCDDsumafr5917edlolxf54652waaad21dudpdbfpqbbdf
955,Grand Prix,Drama,loprem??¡?iCDDsumafr6463edlolxf54652waaad21dudrpzspqbbdf
956,Sprung,Comedy,loprem??¡?iCDDsumafr7880edlolxf54652waaad21dudcldfeqbbdf
957,Electroma,Drama|Sci-Fi,loprem??¡?iCDDsumafr7520edlolxf54652waaad21dudvukdbqbbdf
958,Friday,Comedy,loprem??¡?iCDDsumafr1772edlolxf54652waaad21dudoelhwqbbdf
959,Balls of Fury,Comedy,loprem??¡?iCDDsumafr9513edlolxf54652waaad21duddoikoqbbdf
960,"Air Up There, The",Comedy,loprem??¡?iCDDsumafr1387edlolxf54652waaad21dudlbyozqbbdf
961,Speak,Drama,loprem??¡?iCDDsumafr0975edlolxf54652waaad21dudqwildqbbdf
962,Of Freaks and Men (Pro urodov i lyudey),Drama,loprem??¡?iCDDsumafr4741edlolxf54652waaad21dudqfxbmqbbdf
963,"Man in the Iron Mask, The",Action|Adventure|Drama,loprem??¡?iCDDsumafr2516edlolxf54652waaad21dudcxubuqbbdf
964,Reeker,Horror|Mystery,loprem??¡?iCDDsumafr6145edlolxf54652waaad21dudlmbczqbbdf
965,Kindergarten Cop,Action|Comedy|Crime|Thriller,loprem??¡?iCDDsumafr8469edlolxf54652waaad21dudcpgdkqbbdf
966,"Van, The",Comedy|Drama,loprem??¡?iCDDsumafr5508edlolxf54652waaad21dudtwjbmqbbdf
967,Akira,Action|Adventure|Animation|Sci-Fi,loprem??¡?iCDDsumafr9739edlolxf54652waaad21dudujpulqbbdf
968,Adjust Your Tracking,Documentary,loprem??¡?iCDDsumafr2588edlolxf54652waaad21dudteydtqbbdf
969,Cellular,Action|Crime|Drama|Mystery|Thriller,loprem??¡?iCDDsumafr6779edlolxf54652waaad21dudkokogqbbdf
970,Big Man Japan (Dai-Nihonjin),Comedy|Sci-Fi,loprem??¡?iCDDsumafr9357edlolxf54652waaad21dudnoxfhqbbdf
971,Caddyshack II,Comedy,loprem??¡?iCDDsumafr3985edlolxf54652waaad21duddrdojqbbdf
972,Stuart: A Life Backward,Drama,loprem??¡?iCDDsumafr1154edlolxf54652waaad21dudwmjouqbbdf
973,For the Love of Movies,Documentary,loprem??¡?iCDDsumafr3858edlolxf54652waaad21dudpgjygqbbdf
974,X-Men,Action|Adventure|Sci-Fi,loprem??¡?iCDDsumafr6625edlolxf54652waaad21dudxvilsqbbdf
975,Powder,Drama|Sci-Fi,loprem??¡?iCDDsumafr6424edlolxf54652waaad21dudxfycuqbbdf
976,Bad Education (La mala educación),Drama|Thriller,loprem??¡?iCDDsumafr0821edlolxf54652waaad21dudojxkhqbbdf
977,Bolt,Action|Adventure|Animation|Children|Comedy,loprem??¡?iCDDsumafr7557edlolxf54652waaad21dudlrudlqbbdf
978,Gentlemen Prefer Blondes,Comedy|Musical|Romance,loprem??¡?iCDDsumafr2331edlolxf54652waaad21dudzeumvqbbdf
979,Friday the 13th,Horror|Mystery|Thriller,loprem??¡?iCDDsumafr3298edlolxf54652waaad21dudqxdguqbbdf
980,The Divine Move,Action|Crime|Drama,loprem??¡?iCDDsumafr2790edlolxf54652waaad21dudglszuqbbdf
981,"Film Unfinished, A (Shtikat Haarchion)",Documentary|Drama,loprem??¡?iCDDsumafr1699edlolxf54652waaad21dudbvweeqbbdf
982,Just Like Heaven,Comedy|Fantasy|Romance,loprem??¡?iCDDsumafr5874edlolxf54652waaad21dudnibzaqbbdf
983,"10,000 BC",Adventure|Romance|Thriller,loprem??¡?iCDDsumafr1751edlolxf54652waaad21dudtqojlqbbdf
984,Shall We Dance? (Shall We Dansu?),Comedy|Drama|Romance,loprem??¡?iCDDsumafr6952edlolxf54652waaad21dudsalgxqbbdf
985,Ploy,Drama,loprem??¡?iCDDsumafr8188edlolxf54652waaad21dudlirqcqbbdf
986,What Men Talk About,Comedy,loprem??¡?iCDDsumafr9309edlolxf54652waaad21dudmgsyeqbbdf
987,Stalag Luft,Comedy|Drama|War,loprem??¡?iCDDsumafr0243edlolxf54652waaad21dudmjuufqbbdf
988,Tormented,Comedy|Horror,loprem??¡?iCDDsumafr4209edlolxf54652waaad21dudcarztqbbdf
989,Mystery Date,Comedy,loprem??¡?iCDDsumafr9690edlolxf54652waaad21dudualyvqbbdf
990,"Loco Love (Mi Casa, Su Casa)",Comedy,loprem??¡?iCDDsumafr0078edlolxf54652waaad21dudjlxwrqbbdf
991,Tickets,Comedy|Drama,loprem??¡?iCDDsumafr7245edlolxf54652waaad21dudxlbzlqbbdf
992,Stereo,Sci-Fi,loprem??¡?iCDDsumafr2874edlolxf54652waaad21dudsxqbkqbbdf
993,My Brilliant Career,Drama|Romance,loprem??¡?iCDDsumafr3013edlolxf54652waaad21dudpfglmqbbdf
994,El Niño,Drama|Thriller,loprem??¡?iCDDsumafr6349edlolxf54652waaad21dudlccsiqbbdf
995,"Haunted Mansion, The",Children|Comedy|Fantasy|Horror,loprem??¡?iCDDsumafr1637edlolxf54652waaad21dudxfqxbqbbdf
996,Angele,Drama,loprem??¡?iCDDsumafr0506edlolxf54652waaad21dudjgspgqbbdf
997,Ivan's Childhood (a.k.a. My Name is Ivan) (Ivanovo detstvo),Drama|War,loprem??¡?iCDDsumafr3003edlolxf54652waaad21dudkgweoqbbdf
998,Clue,Comedy|Crime|Mystery|Thriller,loprem??¡?iCDDsumafr3084edlolxf54652waaad21dudcioxlqbbdf
999,Gosford Park,Comedy|Drama|Mystery,loprem??¡?iCDDsumafr1225edlolxf54652waaad21dudoswvdqbbdf
1000,90 Minutes (90 minutter),Drama,loprem??¡?iCDDsumafr7765edlolxf54652waaad21dudjwrzuqbbdf
