id,Name,Email,Age,Password
1,Kahaleel,kcarnegie0@army.mil,88,xT8>mN
2,Annabel,atirrey1@twitter.com,84,oV5_u{T
3,Katy,kdickerline2@yahoo.com,23,yU7)+fB
4,Cindelyn,cprickett3@gizmodo.com,76,pW2'841~
5,Cher,cwyper4@macromedia.com,24,wX8){*N
6,Gualterio,gdebrett5@sun.com,41,cG4$sWuY)t
7,Drona,dgill6@ed.gov,61,"hQ4!E/,"
8,Donal,dharbach7@imgur.com,37,aV1)&
9,Alasdair,aflatt8@unesco.org,82,"rW5~90,1p"
10,Auberon,abarwood9@blogtalkradio.com,49,qF4|s<W
11,Joscelin,jrayboulda@zdnet.com,97,tQ4'_NJ|
12,Mayne,mbethamb@businessinsider.com,59,yL5(v8c
13,Nikolia,ncastagnoc@aboutads.info,24,vC0#Bh52
14,Irma,idufourd@pbs.org,95,jO4/jJwpj
15,Adria,aaspdene@bbb.org,48,"gV2(,~_=uk"
16,Krista,ksheerf@mtv.com,1,uP4_Q9@xa
17,Cynthia,ccharling@blogtalkradio.com,67,uO2`Z&#/ql
18,Reid,rbacheh@infoseek.co.jp,46,fC9!_y
19,Dar,ddevinei@google.ca,66,cQ1_<\t
20,Danyelle,dantunezj@fc2.com,72,nN3!nS
21,Malachi,mlimerk@hc360.com,27,"kX7""U=?kk"
22,Ardenia,ashotterl@phpbb.com,70,aM2`191
23,Jehanna,jdufairem@google.it,63,rR5<3H0S@z
24,Octavius,omacraen@biblegateway.com,11,uR8+Kai}9}
25,Orren,orasmuso@ow.ly,58,wQ9+eBY
26,Nikaniki,nbonehamp@cam.ac.uk,99,kI7%}M
27,Zollie,znowillq@tiny.cc,36,cH5`P
28,Sandi,striswellr@com.com,47,xF6/a(
29,Josi,jpinckneys@forbes.com,93,qO6+d}Hs8t
30,Almire,agarrocht@flavors.me,20,mM5'$x}L?
31,Shelia,sroomu@4shared.com,2,iS0%mQ1'rr
32,Celine,cfaudriev@springer.com,74,tF7$Q
33,Sadie,skharchinskiw@baidu.com,48,bF8_ni
34,Debbi,dcamberx@deliciousdays.com,80,vS6~|dNZ$p
35,Adaline,alasletty@ted.com,17,jO1<kQL'17
36,Joey,jbaglinz@usnews.com,18,gT2\hhzs
37,Duane,dsukbhans10@plala.or.jp,70,xK4'lNOMvs
38,Gwyn,gdanielsen11@example.com,98,cL6!U*SA
39,Claudius,clill12@github.io,74,qE1|MF
40,Selena,skeenan13@shop-pro.jp,54,mD9/3
41,Genovera,gbeazley14@pbs.org,86,gO7`8JXW
42,Durante,dstorrah15@gravatar.com,43,bQ6(!
43,Lorenzo,lsculley16@goo.gl,93,jX9+k.
44,Berkly,btyrwhitt17@google.com,100,bA1#Dt=Xy
45,Barbara,bbrunton18@qq.com,27,kB3%$SPJTj
46,Korrie,kcolliber19@odnoklassniki.ru,99,cO0<jU
47,Parsifal,pmahaddy1a@goo.gl,65,sH2>jR
48,Millie,mmcinility1b@delicious.com,39,gT7)DsuR9
49,Bengt,bfooter1c@ucsd.edu,60,xL1_2
50,Vonni,vplester1d@redcross.org,23,"qF1>yd8'""S"
51,Annalise,avannozzii1e@sakura.ne.jp,79,fP8%}x2wsp
52,Hermia,hderuggiero1f@goo.gl,2,"xR0""W+{{M"
53,Aguistin,acable1g@ifeng.com,1,dW8&s4av=V
54,Lisette,lspeedin1h@bizjournals.com,17,fK9=+
55,Germain,gitzhayek1i@cbsnews.com,57,fF9~)$w0
56,Elysee,ebeddingham1j@cbc.ca,85,aF1=*`b
57,Lidia,lmontez1k@earthlink.net,61,aP0\`1Jj<Z
58,Melantha,myukhin1l@delicious.com,12,tL3\`
59,Anstice,athiem1m@senate.gov,53,nN2'{
60,Liza,lbarneveld1n@tinyurl.com,47,jO7+uY/M4
61,Corey,coganian1o@salon.com,24,iP9*ZNf`
62,Leonard,lbamblett1p@fda.gov,65,bP8<.g
63,Johannes,jpickervance1q@ocn.ne.jp,3,lM5=!{E(
64,Orelle,oantoniou1r@hp.com,48,mL5'U'#w
65,Antoine,amaha1s@shop-pro.jp,95,pX0)aS\y
66,Rochell,rmunsey1t@guardian.co.uk,65,"yO8{7""%DB`"
67,Linc,lpinkard1u@fda.gov,97,kL7<J{
68,Kamila,kroath1v@miibeian.gov.cn,46,"oL4&mJ"""
69,Udell,umicklem1w@cyberchimps.com,62,gN4.J
70,Ned,nhatje1x@seattletimes.com,86,"aM4',"
71,Ambrosio,acapstack1y@webmd.com,94,"xI1),M4#"
72,Etheline,eestevez1z@amazon.de,9,pT0!I
73,Melisa,mvanns20@pinterest.com,40,wL4{x{
74,Claresta,csopper21@go.com,65,gV1}/<@
75,Dana,dbenedyktowicz22@photobucket.com,21,tY4>'
76,Delainey,dbleythin23@etsy.com,72,rQ1<zF
77,Callean,cbarroux24@acquirethisname.com,2,lB8.J@H
78,Dominic,dcusworth25@webnode.com,8,zF8+5
79,Abbie,acocher26@dion.ne.jp,4,zE4%MH8J
80,Farah,fkunkel27@printfriendly.com,71,tU0>`
81,Cal,civanshintsev28@jalbum.net,49,rW9/bNJ%*
82,Dayle,dchatto29@webmd.com,16,gM3(<&ZA\3
83,Jacky,jallebone2a@si.edu,24,rZ3}b&V
84,Malachi,mveeler2b@java.com,67,zZ3_WXu4t
85,Nathaniel,nhofton2c@zdnet.com,82,kJ1)AA_vTB
86,Mildrid,mdarrell2d@newsvine.com,96,uR2=Z'Ow
87,Neddy,nhaydon2e@dion.ne.jp,85,yF0<jf~n8h
88,Freddy,fmcterrelly2f@hugedomains.com,10,bW9)k_U9
89,Garrard,gcroan2g@ucoz.ru,89,fC0@t>i
90,Allene,aedgcombe2h@myspace.com,66,nC5/dm*
91,Georgeta,ggianni2i@networkadvertising.org,33,eE9(5+Ey
92,Marice,msertin2j@opera.com,81,pK2}R0}0tf
93,Hamlin,hkoenen2k@deliciousdays.com,6,bE7`.h|X
94,Jerald,jlars2l@privacy.gov.au,4,eR2@PM&qL
95,Eran,elett2m@tmall.com,75,bR8~7GxNGt
96,Bar,bpryke2n@shinystat.com,57,"fG0""h*1"
97,Ysabel,yduerden2o@godaddy.com,88,mW4.W4AW
98,Opaline,ostelfox2p@edublogs.org,64,kA4{nR
99,Shepard,schafney2q@hibu.com,67,dG0(uMq_Y
100,Gawen,gmcleod2r@opensource.org,56,"vV1,W'M=i"
101,Ardith,aegalton2s@wisc.edu,2,oN6%CS=4D
102,Nolana,nknevett2t@newsvine.com,3,fM0#eg
103,Adriena,adorey2u@dedecms.com,98,sS5%yR=
104,Katerina,kbadman2v@ow.ly,51,jH7(|
105,Thedric,tdowthwaite2w@slideshare.net,100,cO5\MBvEvw
106,Lorilyn,lmoodie2x@photobucket.com,90,aG4'`(VF
107,Adam,amacgiollapheadair2y@imgur.com,31,zJ5@\f~|
108,Felicio,fsnodden2z@yolasite.com,5,bX5$!Q_
109,Francoise,flundbech30@homestead.com,63,vZ8++
110,Mycah,mnunns31@slideshare.net,76,hZ1=.
111,Hube,hrisby32@reverbnation.com,62,tR8<1B)
112,Nicolas,ndowns33@ucoz.ru,64,dD3}{z
113,Amalita,adeverale34@telegraph.co.uk,69,"mY6*#\,q"
114,Carmela,cdrummond35@java.com,73,eA8/@D~`
115,Corrine,creglar36@si.edu,19,gZ9~N
116,Colman,cvignal37@phpbb.com,27,eB8@Jo?
117,Kiah,kcattenach38@shinystat.com,71,"qA1,l=u"
118,Cesaro,chort39@engadget.com,45,gR3`7Dy
119,Myles,mkubat3a@shutterfly.com,21,fY7@{S
120,Sibilla,sgammidge3b@unicef.org,42,wX2|?
121,Kendre,kzink3c@china.com.cn,50,fB7'}mxaB2
122,Davidson,dgurry3d@answers.com,84,pT4(p{<xP
123,Nadia,nscramage3e@creativecommons.org,90,uP6.|#@
124,Abby,aosbourne3f@ezinearticles.com,45,"oJ4~<G,VO"
125,Buddy,bmarfell3g@scribd.com,20,rB3~9
126,Bunni,bfansy3h@ovh.net,36,yR3{ye{|&I
127,Hyacinthie,hticksall3i@rakuten.co.jp,39,oL1#jK
128,Tiebout,tsummergill3j@msn.com,76,qF6\V_
129,Gussy,ggunson3k@ucla.edu,17,vW7&W>G
130,Claretta,cmcquin3l@exblog.jp,29,"pJ8,Q$07"
131,Kora,kvandermark3m@sciencedaily.com,6,hS2(w7K@
132,Alva,adicty3n@dailymail.co.uk,78,xI7<4
133,Jessalyn,jdoble3o@yale.edu,91,eY6<)_Z
134,Mari,mbolles3p@livejournal.com,33,wT6{6qT\{
135,Shina,sreely3q@tmall.com,17,nM5*YWLd
136,Claude,cbenardet3r@pbs.org,35,jW2?uiQ<|
137,Mac,mgerg3s@4shared.com,25,aW7.hAlA>s
138,Hunfredo,hlax3t@phoca.cz,13,dF9+3PcIcc
139,Bert,broberti3u@4shared.com,10,aQ0<~=ghwc
140,Hazel,hkinsett3v@wp.com,24,fW3!Bkging
141,Micky,mcecchetelli3w@freewebs.com,20,lJ4*CZW>
142,Noni,nmaron3x@slideshare.net,94,hG1%$}k
143,Rodrick,reastman3y@harvard.edu,75,wA2`S%/
144,Eirena,epiolli3z@chronoengine.com,24,dB7*)0Xnu!
145,Marieann,mscandrett40@nationalgeographic.com,17,mY3@B.
146,Mendie,mtarver41@multiply.com,78,dI6@w3oN~W
147,Dodie,drushbury42@arizona.edu,70,rV8!TfEf
148,Maggie,mhanstock43@nps.gov,7,wK5#\tX
149,Karlis,kmattessen44@dagondesign.com,88,dM2/Sg
150,Diane,dmendez45@domainmarket.com,32,sT4\{W\$?R
151,Edgar,ecordelet46@shutterfly.com,77,oA8'0_
152,Carena,cplayer47@whitehouse.gov,8,iD8<g
153,Mano,mgiacomucci48@scribd.com,71,uX3?&
154,Diarmid,ddillinton49@archive.org,60,"zD3,%i"
155,Wallace,wsarney4a@senate.gov,2,mG2=~mX
156,Burg,bralph4b@aboutads.info,91,"xD1""SFs"
157,Ezra,ecammacke4c@hp.com,99,"rN4*2>QW,F"
158,Ryun,raberdein4d@gmpg.org,85,rQ2}|Sir
159,Philly,pberfoot4e@wikimedia.org,65,vK2(lm\/
160,Roscoe,rranald4f@clickbank.net,45,iO3|kJ
161,Maddalena,mbonnavant4g@businessinsider.com,70,hB8=5{em
162,Reidar,rberthel4h@clickbank.net,4,vP0%D6
163,Donn,drodger4i@about.me,38,nG9{)!wl)
164,Ase,alehrer4j@yelp.com,69,zX3)yCv#
165,Karyl,kbernardo4k@harvard.edu,63,pC5/z
166,Woodrow,wstraun4l@samsung.com,44,cA3.wo7
167,Theadora,tverny4m@europa.eu,2,lC7_<VJaG
168,Stephine,sinkles4n@answers.com,78,eJ3!72qF
169,Chen,cruit4o@hexun.com,69,nT3'{xq=V
170,Kizzee,ksummerfield4p@mysql.com,87,bL7_WrOQ
171,Madlin,mkesterton4q@smh.com.au,8,gX8+V`*je5
172,Augy,afrazer4r@nymag.com,90,vN2(Pp
173,Cornelia,cclemmensen4s@godaddy.com,59,oQ4`RKy
174,Janella,jgerin4t@simplemachines.org,70,eQ7'S@>L?
175,Lin,lforsyde4u@cpanel.net,95,uB9!a=+ZI<
176,Jacquenetta,jcrass4v@foxnews.com,94,iE1+wy`(
177,Cointon,cofihillie4w@ucsd.edu,60,mX4}k7
178,Lorain,labrehart4x@vinaora.com,2,zN1)d*b!3l
179,Kimball,kbrack4y@samsung.com,49,"jT7#g,"">O%"
180,Mikael,mpurslow4z@istockphoto.com,95,sC8>g&O
181,Cory,cbanger50@theguardian.com,46,gC4=%
182,Caldwell,ctroup51@delicious.com,52,"nC5&(O},+)"
183,Dallon,dglasscoo52@netlog.com,82,mV8#2U
184,Lynde,lmcgarrity53@ft.com,45,zC2+|_|
185,Glen,gmcgreay54@weibo.com,68,qB6=$EeR
186,Ilse,iknewstub55@vimeo.com,71,bI6(_qr(
187,Adela,apenbarthy56@yahoo.co.jp,85,"qH9""@1aQ.."
188,Aloise,alefleming57@bluehost.com,44,wP7/NrdA<h
189,Lucienne,lleverton58@irs.gov,55,rB9_=
190,Clarinda,csneezem59@xing.com,38,"kT0%F|Ih""'"
191,Shirl,swynter5a@google.com,12,eD3.TxAk&{
192,Rheta,rroeby5b@cnn.com,40,tU3>B|y
193,Lynnell,lvoase5c@ucoz.ru,1,hT8'I(KX|2
194,Gabriel,gbresson5d@instagram.com,32,tU3%I*1
195,Amabelle,afrisel5e@narod.ru,69,kW9.8'Z4p
196,Care,cselvester5f@wordpress.com,64,xS5`}QHl'
197,Lulita,ldulake5g@technorati.com,17,tJ7.euvS
198,Chiquia,caaronsohn5h@indiegogo.com,45,"qQ1>`GS,{"
199,Odey,opickston5i@macromedia.com,95,"dG0""Uj2"
200,Heidie,hcoldrick5j@chicagotribune.com,20,nQ7'n
201,Der,dvolke5k@sbwire.com,42,hM2'ua
202,Loree,lmazillius5l@chicagotribune.com,43,"vI5,z7o7.."
203,Celesta,cbrunsdon5m@unblog.fr,85,eY9|RQ
204,Welch,wbaish5n@hud.gov,60,jF4}I+0.U
205,Chrysa,ckiellor5o@reference.com,73,"sH0\m""E"
206,Cristobal,ccuffe5p@exblog.jp,1,fH7=BT
207,Obed,ohimsworth5q@imdb.com,10,jI6`8oC&J
208,Robbie,rstiffkins5r@nba.com,73,zC7}}/4h}j
209,Brittni,bwillbraham5s@plala.or.jp,100,gM1~Q|ZHdi
210,Ira,ivanetti5t@usa.gov,90,"mT5""czWB"
211,Elise,ealeksandrikin5u@g.co,90,yZ2{&)j1Y
212,Lurlene,lhitschke5v@bloomberg.com,20,"jU6,Vn_W""\"
213,Gib,gmolesworth5w@seesaa.net,97,dM7>}5Y*o0
214,Goddard,gelsmore5x@tmall.com,66,bG6>BM1Y
215,Coletta,cwithull5y@google.ca,67,"wL9,JF}K"
216,Bartlet,bcosely5z@hud.gov,45,hH2?$
217,Joana,jpadgett60@nytimes.com,13,"aC6""_?X)i"
218,Netty,nmcimmie61@xrea.com,57,yJ1=`&k
219,Sybyl,scanaan62@illinois.edu,67,"zA2/""RF!?Z"
220,Janelle,jstirzaker63@nytimes.com,27,"sF0<ULd,"
221,Gerrie,glochead64@prweb.com,62,xI5%_4T
222,Bat,bpostill65@utexas.edu,30,wF4.!
223,Janek,jriccelli66@ftc.gov,6,mV3!SUo#4w
224,Nobe,ngrishinov67@digg.com,85,oZ7_I
225,Kendricks,kfrake68@xinhuanet.com,14,iT0'rENd_\
226,Joella,jgeindre69@liveinternet.ru,15,aH0$@X?
227,Hersh,hreck6a@adobe.com,63,dG5&/
228,Lani,lrudledge6b@skyrock.com,42,dZ4}WNV/
229,Jeramey,jstoney6c@unc.edu,39,pO5$PPh
230,Raine,rpauletto6d@phpbb.com,98,kD0?3L!7\y
231,Ade,avalenssmith6e@usda.gov,62,"wJ6""2Pp&H"
232,Hollis,hyewdall6f@infoseek.co.jp,72,dY6`qAo
233,Teodoor,tcaplen6g@sitemeter.com,14,tO0!5&(JF?
234,Ripley,rlowerson6h@tinyurl.com,82,aD9(#VfZ
235,Jeniece,jorchard6i@friendfeed.com,11,tZ4#7
236,Orlando,ocrissil6j@cnet.com,64,uO3{S'F
237,Duff,dcuer6k@123-reg.co.uk,9,hK4}5rk`
238,Eugen,ecolquete6l@dagondesign.com,44,xI9\}'=H
239,Dorthea,dbiesterfeld6m@indiatimes.com,44,"yK4~X'u,"
240,Binni,bheamus6n@usnews.com,82,yE4@i<pCvY
241,Auroora,apinyon6o@multiply.com,97,iY7\4A}DE%
242,Beatrisa,blloydwilliams6p@netscape.com,37,rG1$jJ
243,Alexandra,adeetlefs6q@bloglines.com,11,vZ4'jk{!?l
244,Arthur,aclewarth6r@businessweek.com,8,"lR0~rw,uq"
245,Conny,cmiddas6s@discovery.com,44,jW0`<1Y_S
246,Hiram,hmaunder6t@macromedia.com,44,"yP7""KZ4"
247,Tony,tchristofor6u@ehow.com,25,xM6`>/QRC
248,Karlik,karnopp6v@reddit.com,28,aY5?FE9zi$
249,Averyl,aseydlitz6w@examiner.com,64,gV0>cT'J
250,Samuel,sbeevors6x@sciencedaily.com,81,kK4&xfL
251,Hyatt,hsoulsby6y@geocities.com,90,jS2$=0Tc0
252,Waylon,woliphant6z@a8.net,40,"pG9!pIp""'2"
253,Jerry,jgyse70@icq.com,10,bC3!!}4
254,Finn,ftanton71@globo.com,1,jO7#)z8dMY
255,Xenia,xannandale72@army.mil,24,zS4+lA
256,Ninette,nmcdill73@gnu.org,14,cQ6{d=*NWd
257,Petra,psalisbury74@china.com.cn,86,lM1$jGd6N0
258,Maisey,mwarton75@cmu.edu,44,tR7`S
259,Brenden,bbourgaize76@slate.com,17,rF1>@
260,Efren,edavall77@digg.com,14,lB2'%@o$
261,Blakelee,bhurring78@webs.com,46,qC6*1
262,Kati,kwelbrock79@deliciousdays.com,9,oW2}l.
263,Gus,ggreswell7a@shop-pro.jp,7,mT1(((Q}
264,Thurston,tconnock7b@sbwire.com,18,vJ8>yB+hC7
265,Katuscha,kyon7c@free.fr,25,"vE5+""_57u"
266,Kendra,khaskey7d@artisteer.com,6,pE0\n>
267,Mollie,misakowicz7e@spiegel.de,80,fP2/r
268,Giacomo,gyushkin7f@army.mil,5,jR3(AVAq
269,Aymer,athuillier7g@forbes.com,39,cU7>wKE
270,Katey,kkivits7h@liveinternet.ru,72,dE0.*
271,Adriana,avogeler7i@msn.com,32,uV5*@c
272,Aharon,agimson7j@cnbc.com,98,fZ7_Gc0
273,Bobby,bdemaine7k@elpais.com,54,lJ0`c
274,Glynis,gchisman7l@theguardian.com,34,"kR7@gWb,"
275,Jacquelin,jlancett7m@ning.com,52,cE9>It8
276,Kellina,kpinsent7n@japanpost.jp,21,wG5+qrSwJ
277,Vilhelmina,vshore7o@arizona.edu,97,eB6~q
278,Tedi,tsellor7p@prweb.com,21,fM4=Tt
279,Shurlocke,sjosilevich7q@thetimes.co.uk,25,oV3&_
280,Marvin,mrainsbury7r@fda.gov,17,pM5=y#|=
281,Lea,ljenking7s@techcrunch.com,30,vQ7~8Gq2
282,Burnard,beveling7t@gravatar.com,49,cP6\T1
283,Willey,wgregine7u@go.com,81,wW4{}2
284,Yetty,yspeer7v@geocities.jp,100,"lQ7*hv#x,Y"
285,Windham,wfulstow7w@ucla.edu,28,zR8'd%9b
286,Rosalyn,rrivers7x@yellowbook.com,44,wK3/~q
287,Amelina,aesplin7y@google.com,74,eE3>3/
288,Bailie,bspere7z@taobao.com,49,sE1|?`IX'X
289,Reagen,rdedam80@dell.com,79,iN9=\oS/m
290,Deva,dodocherty81@bbc.co.uk,46,sL6(5P++M}
291,Lauri,lfaudrie82@springer.com,62,bJ1~lf
292,Nana,nshuxsmith83@tiny.cc,68,cE0)L@%
293,Brig,brobbert84@nymag.com,26,kR2$M(
294,Chrisy,cdellascala85@washington.edu,28,yH5{9m
295,Patric,pmatteuzzi86@furl.net,45,tZ4`n7jP
296,Enrico,ebulgen87@miibeian.gov.cn,74,"nK6,g"
297,Reinhard,rmaddrell88@npr.org,30,tG5}p
298,Daffi,dredsell89@imdb.com,77,dS5@@>
299,Jeanine,jthwaites8a@census.gov,58,"nR4`X,$"
300,Alison,apotzold8b@photobucket.com,66,aC9+dG
301,Elie,ebottomley8c@clickbank.net,16,vE8$W9
302,Zorina,zdawney8d@g.co,87,hK7{ZMo
303,Zed,zjeremiah8e@mapquest.com,29,"nF3""<*R"""
304,Allianora,abahde8f@miitbeian.gov.cn,66,nC4<l&/Ly
305,Gaspar,gvasentsov8g@lycos.com,86,zF3*j
306,Eve,eslimmon8h@bizjournals.com,9,pU4!3X
307,Hyatt,hmetzke8i@soundcloud.com,51,kV1@gJ
308,Barbee,bflanders8j@wix.com,87,fY0.(
309,Erin,estevens8k@behance.net,21,rN9`OB
310,Sauncho,sfilchakov8l@artisteer.com,28,xP6?#
311,Raffarty,rsprague8m@amazon.de,87,pO5*%o'Xj
312,Eric,eheisler8n@mysql.com,93,fZ7@fO
313,Esdras,eberney8o@google.co.jp,71,zY6{51|j
314,Ezechiel,ebabe8p@va.gov,64,bO3!n
315,Guenevere,ggroves8q@netlog.com,71,"fJ2(|YW&q,"
316,Lanae,lvanyashkin8r@ovh.net,46,sK6?{_{r4e
317,Link,lghirardi8s@hatena.ne.jp,99,aM3%f
318,Katlin,ksallery8t@pen.io,30,uQ0/{Mn`5}
319,Aile,amowbury8u@biglobe.ne.jp,82,"cA7*""3ly"
320,Stanfield,shame8v@51.la,78,"hQ3""zkH"
321,Michell,mgillicuddy8w@arizona.edu,49,"sZ3&""YiH$T"
322,Rochester,rhember8x@hatena.ne.jp,96,gZ7|6
323,Yankee,yayscough8y@wsj.com,51,uR4)HW.*
324,Earlie,ehandscombe8z@hud.gov,12,yS1=rcNf
325,Eolande,ejaquiss90@vistaprint.com,44,vT2/>fp(8
326,Flinn,fondrusek91@ucla.edu,48,xS3#i829A
327,Ada,aleathe92@indiatimes.com,97,eN3{V
328,Pepi,poxley93@jigsy.com,26,bR3|k
329,Owen,owalkingshaw94@ucla.edu,52,fL7)uL/
330,Adi,apaquet95@mediafire.com,17,fD7$i82
331,Elvis,egristhwaite96@privacy.gov.au,7,tW3@ji
332,Helsa,hwymer97@usgs.gov,11,eS8#4A
333,Charlot,cpine98@pbs.org,11,"uU3""/"
334,Buddy,bhelsdon99@feedburner.com,29,dH1_i8
335,Theda,tannis9a@wsj.com,88,jO2.qlz
336,Corny,clawee9b@ox.ac.uk,83,lY4=Zjd
337,Sylvan,shuge9c@digg.com,15,zA4&m2G.
338,Aubry,aflatt9d@t.co,68,rZ1}_ogmA
339,Tate,thaggeth9e@youtu.be,88,iB3$yVH~dF
340,Salli,smacilhench9f@google.co.uk,88,qH0|1Y
341,Claudetta,cponnsett9g@parallels.com,86,jI2?Us}d
342,Lorain,lettles9h@independent.co.uk,67,xI0~_>\
343,Christabella,clicari9i@51.la,70,pC6_$}x)&
344,Shanta,spfaffel9j@behance.net,13,"lR0""*LR1Hd"
345,Shane,smaher9k@wisc.edu,37,mO0+vqqgx/
346,Leroy,lyemm9l@sciencedirect.com,29,"rZ9""CeV"
347,Joly,jcregin9m@moonfruit.com,61,gM2#NlIq
348,Thaxter,tgandar9n@aol.com,18,oA5*XD5Q
349,Susie,sjarmaine9o@mit.edu,36,lW3@Cf
350,Pippa,pcremen9p@eepurl.com,20,sQ8>j
351,Ileana,ibudnik9q@reddit.com,64,lN7+arLu\
352,Ines,ilavell9r@epa.gov,49,qV1#qqZHC
353,Magdaia,mfenck9s@businesswire.com,87,bI4}Tt(U
354,Lucienne,lhelliker9t@accuweather.com,24,mC2=N&L~gC
355,Nani,nberinger9u@yahoo.com,65,qP3~oW9X
356,Brandise,baries9v@vk.com,89,oS3$w=p
357,Gladys,gfoss9w@ucoz.com,31,"iM4!p,}G"
358,Elbertine,echiplin9x@taobao.com,55,mY4=F`
359,Brinna,bloft9y@foxnews.com,43,oM9>OxAd~e
360,Alica,adinsdale9z@msu.edu,65,xM7<0
361,Aluino,avearsa0@discuz.net,82,yS9+B_
362,Gannon,gbeagleya1@google.it,70,bF8}'m`
363,Tonnie,thattigana2@ow.ly,46,lC6?f&\
364,Lurleen,lhugenina3@photobucket.com,82,lU8@tQ=
365,Nat,ngatenbya4@networkadvertising.org,93,hO5~L
366,Caesar,chintzera5@stanford.edu,67,wS3@tI{D
367,Catherin,croumiera6@ezinearticles.com,95,yB2}7
368,Candida,csummersa7@aboutads.info,55,nY4`(JaX.
369,Kylie,kbransona8@rakuten.co.jp,22,tS0<eTk<5T
370,Bernetta,bmathesona9@sina.com.cn,82,cM7/k}&C
371,Giorgi,gvineaa@sun.com,57,dD2@x&
372,Shawn,sgheorgheab@dmoz.org,9,mJ5$@O%
373,Allys,asimekac@multiply.com,71,uL8@tp
374,Cherey,cbaudichonad@live.com,98,eD9{NbrvyH
375,Nikolaos,nmanieae@joomla.org,18,zQ9@.iB$
376,Peter,pclaraeaf@dyndns.org,34,iO7#L.$R
377,Godiva,gweymanag@weibo.com,51,kW9`l
378,Wandis,wshutleah@businessinsider.com,37,dQ6=raFq(Z
379,Damiano,dalelsandrowiczai@buzzfeed.com,26,vW2*8{.fUi
380,Arlyn,ablazekaj@blog.com,100,"oQ8&R*<a""A"
381,Cory,clarmouthak@yolasite.com,33,aI6?{h.
382,Nickolas,ndownsal@flickr.com,98,nE7*\j
383,Olwen,oofergusam@constantcontact.com,30,oK7()Q
384,Kelbee,klettan@reuters.com,10,vO8'(Q@a*V
385,Tybalt,tananao@csmonitor.com,28,xS0+Rj6
386,Aland,awickwarthap@youtube.com,82,zP6&G
387,Papageno,pmissingtonaq@google.pl,89,xH8?9@
388,Gilberto,gdriar@addthis.com,2,cS1!V
389,Elfreda,eheintzschas@about.com,81,aG5&fHWm_
390,Netta,nfarrynat@npr.org,13,gU4/6|VsA
391,Celka,ccamamileau@mozilla.org,71,uW4~1KJK3
392,Sadie,sjeannaudav@ocn.ne.jp,88,"gG9""9S"
393,Irvine,ineveaw@ebay.co.uk,16,lY1>asN
394,Siana,smiguetax@dailymail.co.uk,98,zM0%.a$
395,Aggie,afugglesay@elpais.com,5,jH0&gePGgq
396,Emlen,epuckeyaz@github.io,76,fS5`sf
397,Jasmine,jkiddeyb0@uiuc.edu,80,bZ8`OQ
398,Irina,idowb1@cpanel.net,59,tX0}l.Q
399,Tatiana,tbillitterib2@mediafire.com,56,cT7\#
400,Gerhard,ggunthorpeb3@google.com,29,hJ7>qvdW8J
401,Tova,ttinniswoodb4@biblegateway.com,53,aJ5<?
402,Sidney,silyushkinb5@mit.edu,36,vF5)n
403,Austen,askipseyb6@goodreads.com,25,"fC2,7/"")uX"
404,Minni,mpidgleyb7@seattletimes.com,60,vS6|y%T
405,Sallyanne,singerb8@slideshare.net,30,dS5)1<=r
406,Ranice,rraouxb9@businessinsider.com,22,qH6~N&(8L
407,Miranda,mclimpsonba@statcounter.com,47,"hP4""ACS"
408,Florenza,fivensbb@home.pl,24,aF7!HwrF/
409,Anatol,abidgodbc@sbwire.com,10,"hK1{>""c"
410,Hazel,hgreendalebd@hatena.ne.jp,6,jP7|sI`
411,Mireielle,mwhelpdalebe@reuters.com,39,mI9(J(
412,Everard,eliddingtonbf@house.gov,88,iS7+gdV}t
413,Hartley,hchrstinebg@comcast.net,39,fT1~0V6N|
414,Michelina,mlampertbh@domainmarket.com,100,uP7!S#@
415,Raina,rseamonbi@reverbnation.com,44,"mB3@(,>="
416,Tildi,tyerrellbj@dailymotion.com,85,"hJ4'7w,Of"
417,Hewitt,hcearleybk@google.com.br,30,dY0|\Tn
418,Jaquelyn,jmacgheebl@hibu.com,69,rK6})WpI
419,Lee,lscarsebm@hugedomains.com,20,uG1*#T
420,Jeno,jpenningbn@youtu.be,14,xB9.O!m/A
421,Ashien,acummingsbo@flickr.com,1,tZ4?l
422,Jeannine,jmarrittbp@ox.ac.uk,86,qU6''FJ
423,Kissiah,khakewellbq@businessinsider.com,38,"cM4,v""*"
424,Jenifer,jperlbr@imdb.com,28,aS0'<
425,Justine,jhiggenbs@adobe.com,87,pT3#tYF(
426,Marlon,mbutterwickbt@loc.gov,54,wJ4$.S@Kwo
427,Marian,mmoralesbu@yandex.ru,62,mI8\YnQ$q
428,Gusti,ghartupbv@dot.gov,8,nH4?A'x~@
429,Ulrike,uchancelierbw@zimbio.com,72,eA9&c!KD3
430,Peter,pcowlbx@usda.gov,50,sS2=t{~~
431,Osbert,omethuenby@elegantthemes.com,29,"gD9""iL8"
432,Mace,mcarayolbz@si.edu,95,rB1!&3lO)F
433,Reinald,rstetsonc0@squarespace.com,69,nY0}2m4&w&
434,Flore,fspurc1@technorati.com,95,vM7!M3Cz8k
435,Dina,dmcgrathc2@skype.com,51,sI1%C
436,Rayner,rhuzzeyc3@businesswire.com,45,tP6+4
437,Tedie,tderycotc4@reddit.com,71,kW5+2=TX06
438,Val,viacovuccic5@simplemachines.org,34,yS7@M\6Aw
439,Eleanora,espaldingc6@infoseek.co.jp,48,tS7+9
440,Hashim,hambrosolic7@wordpress.com,32,dU9.B%<p/
441,Stanford,ssweetenhamc8@about.me,28,"kW2""LE"
442,Merrilee,mfozzardc9@google.ru,1,fD4>LY}NH
443,Cassaundra,cfiggca@virginia.edu,41,"gI9,pG.nKv"
444,Cori,ccraufurdcb@wiley.com,28,oM5\SdKY.C
445,Marcia,mpeerscc@fastcompany.com,59,gW5#Kj
446,Janis,jpudseycd@kickstarter.com,19,fT3$OaW
447,Ceciley,cbethoce@scientificamerican.com,92,"hE5,AI"
448,Jehanna,jruosscf@goo.ne.jp,61,"pB2.t,2&0"
449,Donnell,ddinneencg@berkeley.edu,39,lF9*}1_
450,Zared,zkehirch@sitemeter.com,33,vC0|/4
451,Arley,aakittci@pinterest.com,89,uS0{jO
452,Thain,tjendrickecj@businessweek.com,30,iQ3?n
453,Wilbur,wellicockck@behance.net,64,wG4<>}$mS
454,Leelah,lhachardcl@nifty.com,64,"fA3""o\sZ"
455,Wynne,wporchcm@sciencedaily.com,86,"tD3(T3z,4"
456,Josepha,jpennicn@sourceforge.net,8,"wK3""57mvX"
457,Emelen,eparnabyco@a8.net,17,mH9}PHKgQN
458,Floris,fphonixcp@psu.edu,12,gS5#hql)P
459,Randy,rlampettcq@examiner.com,14,"lQ1,/38sIf"
460,Blondell,bbrahmercr@businesswire.com,95,mO2'\
461,Hussein,hhawleycs@histats.com,51,zV3~Vf8D
462,Elaine,echoltonct@opensource.org,41,kB7{Zo
463,Meredith,mgethyncu@nps.gov,14,qI0@d*{1~
464,Rachele,rticknercv@unblog.fr,78,mC1${P'w{
465,Margo,mlarchiercw@biglobe.ne.jp,85,hT5_x%g
466,Lisle,logancx@cocolog-nifty.com,39,kE8/Gg+~7
467,Had,hleynaghcy@dion.ne.jp,29,wW8!zVA
468,Magdalen,muriencz@trellian.com,22,yQ9{4
469,Ramsay,rvansaltsbergd0@foxnews.com,23,fL3@&*Wb
470,Sonni,slervend1@sitemeter.com,25,aM9+Ftc
471,Freddy,fnoend2@geocities.jp,82,pV5<+4e
472,Vernen,vivashintsovd3@nsw.gov.au,87,rD4$v|
473,Hugues,hswiffand4@springer.com,19,kJ0+C
474,Ezri,emelrosed5@jalbum.net,61,"zL6'4(Q""3"
475,Phillipe,pnewensd6@360.cn,21,wS7*P32R
476,Randee,rjorgesend7@cdc.gov,75,vH8#3
477,Cecil,cogleyd8@feedburner.com,27,bH8#uXUp
478,Cati,csyslandd9@behance.net,88,"sL5$vr(,"
479,Cory,cfetterplaceda@sina.com.cn,5,"sV2,d$"
480,Odelinda,obyrthdb@mapy.cz,8,zT0`gDW
481,Anderea,avonderemptendc@pagesperso-orange.fr,65,qK7$Uh%a
482,Isabelle,imottersheaddd@nifty.com,17,fT2+sg
483,Simeon,scollingworthde@csmonitor.com,46,rU7/voHP
484,Tricia,tparkyndf@miitbeian.gov.cn,86,wB2!|or)Kk
485,Nickolas,ntemlettdg@paginegialle.it,24,vF8#N.v!&Q
486,Rheba,rvogeledh@dropbox.com,51,rM2!#7y
487,Magda,mwatmoughdi@parallels.com,10,sI4{gnJL)
488,Natalya,ndrohundj@t.co,89,vL2)A
489,Bel,bellistondk@deviantart.com,22,aR1|'2/L/v
490,Eddy,emanniedl@cmu.edu,42,cD4+<1E=13
491,Tarra,tcarlilldm@boston.com,64,rM3`k=U
492,Irita,ioldroydedn@wikipedia.org,64,fY2}s
493,Inness,iskingledo@apple.com,25,zU6'PfCR.
494,Emelia,edochondp@cbsnews.com,57,zZ2_yw_
495,Fabian,ftemlettdq@geocities.com,60,gY7=)vG=HZ
496,Alanson,aoliveydr@amazonaws.com,68,fV0\5~9i
497,Geordie,gbracherds@netlog.com,84,hN8)Amk/|
498,Serge,sleetdt@omniture.com,62,tJ0`E)
499,Court,cminghidu@wordpress.org,30,rH5'E
500,Saul,stuxilldv@ezinearticles.com,1,oZ0)?p&
501,Cleve,cpocklingtondw@yahoo.co.jp,10,hV7)Dhw.
502,Leyla,lloftiedx@usnews.com,100,hJ7/BpO
503,Francklyn,fmarqyesdy@hibu.com,19,rP7>NLNl
504,Dorian,dfaussettdz@toplist.cz,78,yU4'Y)k%
505,Lurleen,lgibbinse0@walmart.com,57,cY2<`T
506,Lamond,lorcharde1@unesco.org,16,xV4!<xnm
507,Gwenny,ggilderse2@wix.com,61,hE8$Gety$x
508,Rosamund,rfreee3@census.gov,36,oG5<38c}(w
509,Bogey,bashbee4@acquirethisname.com,26,dF4)nm|4S
510,Corrina,cfranzmane5@go.com,80,xW9'Yb4z/`
511,Iosep,igillbeee6@bbc.co.uk,77,lT2&/|XN
512,Nancy,nferneye7@va.gov,17,kV1*E`3L
513,Misha,mzimae8@goo.gl,6,iQ2\V'
514,Rodie,rbarre9@redcross.org,17,"dO4'C8,,"
515,Tomkin,tbindenea@shutterfly.com,35,mH9>E
516,Levy,ltrittoneb@bizjournals.com,81,cY7>vxfy
517,Benedetto,bpapeec@sciencedirect.com,94,zS1_rY
518,Marilyn,msibyllaed@youku.com,31,cQ6_ruP
519,Broddie,bthowee@huffingtonpost.com,4,sK6\+F+F1r
520,Bevin,bportigallef@ebay.co.uk,95,iT8{s
521,Web,wcarvelleg@nasa.gov,32,tP9\vxF
522,Marina,mblakslandeh@meetup.com,79,nV5(lUlmq6
523,Dicky,dfrostdykeei@prweb.com,74,oP4$uk
524,Chalmers,cshaulej@drupal.org,61,"nB3=3),Ay"
525,Camile,cblagbroughek@ask.com,53,gA5'$
526,Daphene,dcleynmanel@imdb.com,59,"iB6!""\.Q"
527,Gratia,gbernardetem@diigo.com,73,aZ1_pm
528,Allayne,asarraen@uiuc.edu,74,mF3@`*!
529,Adolpho,achawkleyeo@addthis.com,32,rH3$>h0<r
530,Hyacinth,hnashep@ycombinator.com,88,iK5>uv
531,Ara,asantinoeq@naver.com,77,dM1!3r
532,Jehanna,jthyerer@foxnews.com,64,lN8?Z+P
533,Bertrando,bdibiasioes@discuz.net,5,lF0@Dh6>/
534,Amandi,aperazzoet@biblegateway.com,38,zN4+1
535,Warner,wdaviseu@hubpages.com,79,dQ5_QUNs3
536,Bernard,bgerardiev@shop-pro.jp,46,hB5%+>&|np
537,Alexandra,abuckhamew@parallels.com,12,"xV9,OgFVO"
538,Vi,vsutchex@networkadvertising.org,30,pN3?6WH
539,Lester,lspavoney@quantcast.com,58,kG4?7
540,Hasheem,hwayeez@ow.ly,5,pZ9=H`w#L
541,Jacenta,jrentollf0@exblog.jp,54,mB8>1h<RB
542,Delainey,dsticklandf1@drupal.org,16,oQ4}rXm.N$
543,Tessa,tkhrishtafovichf2@xing.com,27,gT4?mf6
544,Marybelle,mblenchf3@ox.ac.uk,54,gP2`nB6|p
545,Carry,cridolfof4@bigcartel.com,57,"jT2,gCVi0m"
546,Drucie,dlillicropf5@stumbleupon.com,75,nO1<w/
547,Janeva,jkirtonf6@seesaa.net,57,lG9+Mj
548,Ardine,abreef7@engadget.com,66,bU7?KoH`
549,Sibella,sbengefieldf8@moonfruit.com,32,eS2>F
550,Nadine,nwoodberryf9@sina.com.cn,10,zJ4.7j2
551,Junie,jkighlyfa@mapquest.com,49,qC5`!
552,Humfrid,hwaistellfb@studiopress.com,36,yG4_u)>XS/
553,Napoleon,nbroadyfc@un.org,61,qX6>+*cy
554,Clarence,cyemmfd@furl.net,45,bM5`5
555,Mart,mjirousekfe@barnesandnoble.com,21,mA0/.D/Fp5
556,Shirlene,stailbyff@storify.com,48,cT4&r_
557,Baird,bcarltonfg@jalbum.net,29,"zO5""Y>t"
558,Peggie,pmaccreafh@mashable.com,73,jH0+8/4
559,Mindy,minderwickfi@icio.us,49,hD6#457@b1
560,Thibaud,tbubeerfj@zimbio.com,69,yN6<qeIz
561,Moyna,mormrodfk@bloglovin.com,47,qP0'29$'
562,Kienan,klemmefl@mysql.com,16,uX5!S*fQv
563,Ladonna,lpesfm@prnewswire.com,86,eQ7/<A#5uS
564,Lorry,lpadmorefn@vistaprint.com,52,"uV9}""m/udx"
565,Haleigh,hderuggierofo@reference.com,24,qW3@//F
566,Tucky,tsteerfp@instagram.com,14,xO5+#)@fE
567,Tamma,tantleyfq@newsvine.com,7,pH9/t?Jo
568,Juana,jknightsbridgefr@github.com,77,fT5$.T1Pb
569,Retha,rfairefs@japanpost.jp,16,nQ7&X2
570,Moishe,msternft@mozilla.org,84,"zG2~u,CN"
571,Arnold,araysfu@google.com.au,84,oD0\j
572,Mary,mlasslettfv@hhs.gov,83,eD2><s
573,Eileen,efranzmanfw@acquirethisname.com,89,"bW9~,"
574,Mirabelle,mcollomossefx@rambler.ru,43,"iV8,rK4f~3"
575,Riley,rharrowfy@un.org,63,bM0?tiUk
576,Sargent,sdebneyfz@wired.com,8,lV6$p=+C
577,Beverly,bnorthcliffeg0@yolasite.com,55,jT4~&
578,Daphna,dloachheadg1@china.com.cn,11,mC1}}|
579,Eugenie,emacsorleyg2@weebly.com,64,eX1>eF<|+
580,Coral,cpohlg3@miibeian.gov.cn,52,pA3=LCY
581,Rik,rgemnettg4@independent.co.uk,23,jV3}t'xv
582,Pooh,pvelteg5@spotify.com,57,bT3*z
583,Zulema,zloxleyg6@tumblr.com,32,cS4$k
584,Inna,iligginsg7@latimes.com,20,qR8%?z
585,Gerrie,gdalessandrog8@mozilla.org,91,rO2!l%`
586,Monika,mkettridgeg9@1688.com,39,tY9/n
587,Clark,cwalbrookga@photobucket.com,80,zQ0&cT7
588,Eward,ebaakegb@java.com,29,zN6}o1
589,Austina,amcnelisgc@xinhuanet.com,23,dR5&pyVJ
590,Sophronia,sallikergd@hibu.com,35,lK4_WA5X
591,Serge,scuffege@plala.or.jp,29,bX4>t
592,Gabriel,gnortcliffegf@twitpic.com,14,jN1>JqGU/
593,Miltie,mbaylessgg@furl.net,7,"uX5""""kNM"
594,Bernetta,bluciusgh@sitemeter.com,29,jP3*o7P<
595,Florence,fheaneygi@squidoo.com,11,oA3?h
596,Aldon,atolmiegj@gnu.org,58,kY2)Jj%v`
597,Ardene,amerryfieldgk@blogspot.com,16,hB0\\G1/I
598,Gunter,gburgnegl@cbslocal.com,85,hR6%IPc
599,Toby,thackfordgm@state.gov,76,tX7#B.6Yu
600,Kevin,ksmowtongn@ebay.co.uk,31,lJ4@~{VN
601,Marven,mferraresego@youtu.be,37,uZ3/X
602,Jilly,jwhittockgp@bbc.co.uk,2,mD3@Vo
603,Sallyann,soscanlangq@tripadvisor.com,15,nT1*o
604,Brady,bkeneleysidegr@tamu.edu,92,"hB1,Z"
605,Eddy,emaggillandreisgs@nbcnews.com,82,gV4%R#H/2d
606,Nertie,nbritneygt@slideshare.net,25,qG3#3hMAxq
607,Ottilie,otethcotegu@walmart.com,69,aX8~<B
608,Winfred,wpereiragv@yale.edu,94,pA4>pH#*
609,Frederick,fjakubovitchgw@photobucket.com,57,aG5>/g
610,Bronson,benticottgx@squidoo.com,67,"xY1?,+C"
611,Bobbie,bthirskgy@stanford.edu,77,"uT3(""~h#"
612,Elonore,eglowaczgz@chicagotribune.com,41,"dJ1>,K"
613,Karena,kmarquandh0@bandcamp.com,52,mD5%0!3M7
614,Kermie,ksparwellh1@ucoz.com,19,qF3+Ob|e
615,Conrade,ccolesh2@adobe.com,13,rD1>`*J.
616,Jamesy,jmcmenaminh3@wikia.com,25,rG0%dBGciy
617,Roberta,rghesth4@intel.com,87,pT0|J
618,Eachelle,eeaglestoneh5@ovh.net,32,"pO9""vk"
619,Marsha,mgerrieth6@biblegateway.com,82,pT0.mz
620,Davine,djanickih7@nydailynews.com,45,"iA0%""L&"
621,Maxy,mwinsparh8@taobao.com,9,qR3!=+\C
622,Shellie,sspottswoodh9@oracle.com,55,fQ5$k
623,Loutitia,larnholzha@last.fm,33,uE3=r5hJj
624,Olympe,obowgenhb@yahoo.com,23,pR9=frN&
625,Annmaria,aburkinshawhc@vkontakte.ru,62,pR3`F{Gz
626,Skyler,sprattehd@about.com,65,eN0`i|5fH
627,Melonie,mbartolomeottihe@deliciousdays.com,43,gZ1*uKQQ5
628,Bren,bvickershf@merriam-webster.com,25,"pD8""St"
629,Robinson,rbrounfieldhg@joomla.org,32,fT6={wTa(N
630,Scarlett,ssyriehh@icio.us,38,rU8#MgyQx
631,Sonnnie,struehi@rambler.ru,78,xE7$P`B&={
632,Giacinta,gglowackihj@studiopress.com,84,hZ5|e3O
633,Whitby,wpennickhk@cbsnews.com,23,kK6$IsU>H%
634,Anton,aflochhl@themeforest.net,97,zT9?=l4N&
635,Joyous,jpechethm@usgs.gov,97,oH2(1?P|xl
636,Ulrica,ufratsonhn@blogger.com,8,lD1=O
637,Dennet,ddunbarho@mayoclinic.com,7,xG4'y
638,Jeromy,jcyseleyhp@people.com.cn,56,rH3<WBX
639,Richardo,rhaggetthq@sogou.com,13,nE6@Z~}k_
640,Jeffie,jheggiehr@about.com,13,mL4\Bd$>
641,Nickie,ninglibyhs@nationalgeographic.com,8,kW3>z4`?8
642,Andria,akenewellht@facebook.com,22,yZ6/s
643,Padgett,pmouranthu@cbsnews.com,98,bC5#>7_
644,Clementine,cwestburyhv@google.com.br,23,eE5!{AlmCJ
645,Leese,lmurthwaitehw@ning.com,64,uJ8~vz8++p
646,Fina,fdermotthx@google.ru,88,yP4{E()6wu
647,Jesselyn,jcapnerhy@imgur.com,7,iU1{MwEa!M
648,Garv,gmistryhz@theatlantic.com,96,gH4~7SP}
649,Bradly,brollinsoni0@weibo.com,14,vS7~CAMU
650,Marsh,mredhousei1@dropbox.com,39,"rF4""5"
651,Elianora,ecrocketti2@hhs.gov,25,"cN6,t1C72`"
652,Gallagher,gskamali3@google.ca,56,"wS1""Uh"
653,Bertha,bdallasi4@hao123.com,53,yP4|n2X(7
654,Donovan,ddalgleishi5@1und1.de,27,"pP9*""+>7~"
655,Bord,bgaryi6@webs.com,54,qI8<jG
656,Cullie,cstelljesi7@hubpages.com,39,pB3?c}v@wH
657,Raimundo,rtillyi8@goo.ne.jp,70,dB8%}fBHZ
658,Tiff,thaugheyi9@un.org,63,"sC4{F+z,lu"
659,Georgi,gmclaughlinia@mashable.com,81,zC1#e%Nr$k
660,Alida,atravesib@usa.gov,89,bF8#VQ+
661,Dane,dcloonanic@php.net,59,fU6'jM*
662,Thalia,tweetchid@fda.gov,28,uO9$oVC7#j
663,Aloise,atiuitie@deviantart.com,75,jJ0?~nt
664,Faun,fszubertif@addthis.com,61,kV4+/P
665,Brittaney,bdelieuig@linkedin.com,53,wV7|7b@M
666,Aubrette,aricartih@sitemeter.com,50,uY2>S
667,Xena,xpatonii@spotify.com,30,vB9=~ZC
668,Joni,jbernadotij@oracle.com,10,eR2|DDb
669,Brynna,biltchevik@cocolog-nifty.com,93,"eJ1""$8~r"
670,Reinaldo,rrupertiil@dagondesign.com,51,"qL1/n+p,L"
671,Dodi,dhealdim@123-reg.co.uk,3,oW3_&o>~bP
672,Cherry,clegueyin@addthis.com,42,"aW6\w,"
673,Shalna,sbissettio@tuttocitta.it,20,xQ6#LA++ZF
674,Terri,teimip@blogs.com,89,eG8*CpCP9
675,Mord,mteshiq@epa.gov,45,rD1`5i5@
676,Jory,jmaccreair@weibo.com,9,vW5@/
677,Bevin,bburghis@nymag.com,14,"pR8,r1O,"
678,Casar,cogormleyit@howstuffworks.com,71,aH0~Dav`
679,Vinny,vbartotiu@dyndns.org,55,cS3~!tIN}
680,Salaidh,ssworderiv@artisteer.com,14,hU0&vl*a.t
681,Lowe,lmadeleyiw@newyorker.com,99,bN9~KT
682,Ford,fkubicaix@bbb.org,92,uY2%4
683,Myrtice,mweberiy@ycombinator.com,47,aF1@rG#q
684,Kaleb,ktownesiz@discuz.net,93,mF4`9Rd>y}
685,Sidney,sdanielskyj0@last.fm,62,jF7}Z.6
686,Jada,jsidaryj1@disqus.com,27,"iT7&wa,"
687,Anton,acolqueranj2@t.co,62,"vT6""H"
688,Gunter,gfroschauerj3@webnode.com,16,jP3}8s
689,Jori,jdoriej4@wunderground.com,56,"wZ2~""{"
690,Marcellus,mkenrydj5@scribd.com,80,pL0|UG
691,Estelle,ehowj6@tinyurl.com,91,kF3'B+
692,Kylila,kmattinglyj7@blogger.com,90,zS2*r/<m
693,Creighton,cplaydonj8@ft.com,25,pU3!=oX
694,Janine,jdamatoj9@csmonitor.com,93,wQ3.3sy%L
695,Annabella,arainsdonja@squarespace.com,4,qA9)cb
696,Trina,tvaughamjb@mysql.com,66,wE2&JL{ut
697,Veronica,varonjc@prnewswire.com,31,tD5'+
698,Junie,jfarleighjd@ucoz.com,88,rT9=rWV
699,Jania,jmceloryje@1und1.de,25,qV8$C5&3wr
700,Drusi,dwoodcraftjf@github.io,100,aJ9)!W40&
701,Doug,dboddamjg@behance.net,57,xS8>=GUG4
702,Jae,jnorthoverjh@cbc.ca,36,sW0!e
703,Farly,fswaineji@bbc.co.uk,11,iW3/=?/Lx
704,Kristal,ksunnexjj@de.vu,46,sA3)*a)va
705,Rozalie,rdegnenjk@umn.edu,19,wU4@O3B
706,Stephenie,sgrattanjl@oracle.com,38,aB7{wxi=0
707,Gustaf,gmariejm@mtv.com,62,"aT8_`n"",P"
708,Eduino,ebrundrettjn@webmd.com,8,qO2!$`
709,Mendy,mallderjo@themeforest.net,9,fO1`h5R
710,Fredelia,ffishejp@ftc.gov,84,zV5\Xi|E7
711,Randa,rbrumjq@wikimedia.org,23,"hT8""rVIXx"
712,Salmon,sdurnalljr@marketwatch.com,11,kP0(mA<UH8
713,Floyd,fdcruzejs@stumbleupon.com,84,aO2@'~X8'&
714,Tuckie,tburlayjt@xinhuanet.com,48,jB5`t>_
715,Oran,odorningju@pagesperso-orange.fr,80,pL9(ytrMS
716,Matthaeus,mewbanchejv@ning.com,62,jV2_K
717,Ermin,eivanuschkajw@sun.com,52,cH5(uDK
718,Burg,bgransdenjx@nih.gov,68,"xN0""V"
719,Erasmus,emacdearmontjy@nps.gov,26,kL4'E6(
720,Andrea,arockelljz@china.com.cn,62,tO1|*
721,Montgomery,mgiacubok0@columbia.edu,84,kY9{z'z>e@
722,Rob,rmurfordk1@ox.ac.uk,19,qL8~e{7Sy
723,Laetitia,lwartnabyk2@mtv.com,27,pG8%roO}B
724,Loralie,ldemeisk3@ycombinator.com,21,nC3/+Naw
725,Massimiliano,mbrittaink4@phoca.cz,25,xT4(j|SDsU
726,Andromache,abeentjesk5@creativecommons.org,55,bN6@KIB(*
727,Aylmar,alardnark6@cornell.edu,38,eU6@yrsM?
728,Myer,mcumbesk7@wikipedia.org,11,rV9{g5Q
729,Ingram,imceachernk8@wunderground.com,19,vF9$&>dkJ
730,Livvie,lloudek9@nyu.edu,37,eD4+lSr'6
731,Amalie,apregalka@tinyurl.com,34,dW3?})
732,Katharina,ktashkb@google.ru,51,"cF4\MF""*l)"
733,Demetrius,dcrebokc@ihg.com,32,"lY9>4Bm5""i"
734,Trescha,tchildrenskd@live.com,65,rZ7`iDsmu!
735,Spence,ssawdayke@shareasale.com,42,dU9<{V1fq
736,Belle,bpredohlkf@cyberchimps.com,74,tF4|ZOc
737,Paige,prossbrookekg@gmpg.org,45,"oX2,>hH)"
738,Fancie,fcapelkh@thetimes.co.uk,97,fG8|*X
739,Kinna,khiddyki@soup.io,31,"dN0""V"
740,Franky,ftitmusskj@a8.net,53,bO3|Um
741,Di,ddiniscokk@smh.com.au,9,hO5+c7i`
742,Elmira,egummoekl@thetimes.co.uk,72,sK3*=}s/
743,Fredrika,fknowllerkm@google.ca,27,kG9<e
744,Sher,sleppingtonkn@boston.com,71,sA7$C*Nx7Z
745,Rik,rbeineko@census.gov,61,rR0<_%FeV
746,Linea,lunderhillkp@youtu.be,6,jV2}}1
747,Janeta,jdowekq@ezinearticles.com,82,"kU9>xu,K"
748,Madelaine,mthreadgillkr@mapquest.com,88,vC1)*YQT7n
749,Nert,nkhominks@nytimes.com,65,nP6\'6/6{!
750,Gordie,gmaccleodkt@hibu.com,83,aZ0>Sr)9
751,Daveen,dklemmtku@freewebs.com,9,oY5.du
752,Nanine,nginglekv@nps.gov,33,iJ3|0c
753,Beck,borromkw@earthlink.net,40,"xR1&""tjU6"
754,Merna,mblakemankx@spotify.com,17,zJ1%Gu
755,Pammie,pcarlowky@army.mil,85,uP2=&aLf
756,Bertrando,bbredgelandkz@altervista.org,17,aS7*8D&@/M
757,Dean,dshapiral0@bloomberg.com,66,pC0<j|
758,Darci,dkiffinl1@springer.com,43,rY1*Kc62
759,Kassie,kcampanellil2@shinystat.com,94,yE3@W
760,Dominick,dchaddl3@google.ca,17,rA4.l'W7
761,Portia,pheigoldl4@cnn.com,13,eW2$cn(
762,Euell,erennyl5@biglobe.ne.jp,4,nW7\mJ+(C
763,Onida,okennedyl6@dagondesign.com,37,oB7{D&UEF4
764,Nydia,nbinnyl7@eepurl.com,53,qV2{|o!{
765,Rodolphe,rtoderil8@is.gd,84,"aG4,ba,}_1"
766,Thomas,tdinapolil9@pinterest.com,40,eY6/x~PV$Q
767,Oona,otocquevillela@house.gov,52,sY7*a!|
768,Oberon,ofairfoulllb@indiegogo.com,83,xR9?SP.
769,Renard,rhuttenlc@skyrock.com,43,qF8!MC*|aD
770,Felice,fmcauliffeld@dailymail.co.uk,85,oQ8<4B8g
771,Ximenes,xblodgettsle@youtube.com,62,zP5.rT
772,Nathalie,nstobbelf@dailymotion.com,94,nS9~z
773,Garv,gsparrowhawklg@ehow.com,6,uI5/P2=
774,Frankie,fgerrylh@google.ca,42,"pD0',iGte"
775,Davida,dhannali@archive.org,68,aO5$)y
776,Rachel,rkiggellj@disqus.com,75,oB3&9<i
777,Huntlee,hpaicelk@icq.com,31,"aF0""="
778,Marlena,mtangyell@wsj.com,35,cR7}c{Z\
779,Felipa,fsullivanlm@arstechnica.com,20,"bI5,.`"
780,Haily,hwycheln@posterous.com,27,aO8@%X\
781,Shaw,sisoldilo@photobucket.com,45,iQ2#~G7n
782,Friederike,fspinaslp@tmall.com,65,zL5(Cb
783,Vaughan,vundylq@webeden.co.uk,80,aB9=5F
784,Kendre,kwoodlr@exblog.jp,51,rT9?~
785,Janeczka,jroscowls@acquirethisname.com,42,qM1}WNWz*
786,Herby,hchetterlt@ycombinator.com,96,fZ6)P5c09
787,Karel,kchevalierlu@addthis.com,74,cN2$b9k
788,Annora,agronnolv@si.edu,40,iG6_`
789,Denys,dcrombleholmelw@mlb.com,16,"vR4,nvI"
790,Alano,abilbrooklx@washington.edu,95,zT4}+hnJD3
791,Rodi,rpaulsenly@pinterest.com,8,nG0+|JY4m8
792,Boote,biveaghlz@sphinn.com,51,fS7~0i
793,Lanny,lcolsonm0@dyndns.org,49,dU6{6S9!|
794,Allegra,akingmanm1@gnu.org,6,vW4%(uc{
795,Bertha,bpiddickm2@cnet.com,93,jN6$a*4
796,Alexina,amundym3@mapquest.com,14,"nM3""%TVV"
797,Celesta,cpaxfordem4@cafepress.com,13,hW7`{E7
798,Allis,amouthm5@purevolume.com,33,eC7_J1
799,Peria,pferrantm6@networkadvertising.org,18,kD4=!r1
800,Aubrette,agerhartzm7@ox.ac.uk,70,pM8@+
801,Isidore,ichuterm8@ebay.com,54,oE7$e1
802,Ros,rgilberthorpem9@1688.com,71,eL4.p
803,Dall,dklauberma@un.org,83,"iY1`""p<CF"
804,Alwin,asoremb@prweb.com,19,hY8/U2yV
805,Irita,idreinanmc@reverbnation.com,99,lH3<rG\.
806,Luci,lkroonmd@fastcompany.com,51,rF3$I3\y(
807,Karel,kweyme@smugmug.com,7,bS9(m{>
808,Consuelo,cpettigrewmf@ucoz.ru,69,"rV0$Jq\D,i"
809,Cele,cembletonmg@domainmarket.com,94,yK7+(K96/a
810,Hershel,hduckinfieldmh@wired.com,98,hS7%ow%
811,Tybie,tchadwellmi@ibm.com,9,pA5`QR
812,Hanan,hbremnermj@hhs.gov,76,dZ5>7IV
813,Beltran,bmillammk@home.pl,90,eT7{H*
814,Erik,epalinml@comsenz.com,53,eK9~>%
815,Hillel,hschlagmm@weather.com,16,nR1&bQ3
816,Reginald,rcarberymn@gov.uk,62,mF2=>D
817,Wolf,wabbadomo@unc.edu,35,"vC3=N.""yDB"
818,Thoma,tbalhatchetmp@bbc.co.uk,83,yP0\1Tq
819,Angelico,abrownhallmq@msu.edu,36,qS6|1
820,Zerk,zneachellmr@rediff.com,18,uQ1_GM
821,Mandie,mwolledgems@booking.com,81,mA3<&%/7A
822,Louis,locurriganmt@businessinsider.com,61,"lY4&sr~"""
823,Bebe,bplastermu@loc.gov,26,pD1`6'T
824,Kippie,kmcelvoguemv@joomla.org,60,eB7|n
825,Sophia,swiginmw@friendfeed.com,11,zY0~kGc!
826,Vickie,vprujeanmx@addtoany.com,82,fT0~Db3n8
827,Antonio,abullivantmy@networkadvertising.org,75,"tC5(<nk/,6"
828,Wakefield,wcastilloumz@jugem.jp,10,uO4'=sv
829,Irwinn,ihackingen0@example.com,29,eR0/1Ji3F
830,Quent,qpirrin1@tinypic.com,50,"gG2,r"
831,Rodrigo,rpolfern2@disqus.com,48,"cZ1,*"
832,Tobi,temminesn3@yellowpages.com,81,sZ4<mh/
833,Verne,vhilandn4@marketwatch.com,16,wQ9\L
834,Hobey,hnesbyn5@cbc.ca,33,dS5?myv\
835,Evey,ezecchiniin6@skyrock.com,44,eL2{Oj8
836,Corie,cwhissonn7@businessweek.com,3,zG1_6?68kT
837,Tiffi,tbloxsomn8@amazon.co.uk,42,dQ6*(bc~4C
838,Alasteir,aleymann9@sciencedirect.com,68,dR3)V{k
839,Gianni,gpenhearowna@disqus.com,60,eA9*M?
840,Kendre,kblumfieldnb@people.com.cn,8,"qD1""'"
841,Glori,gtatlowenc@google.es,26,zJ0+>
842,Giulia,gcolesnd@guardian.co.uk,51,aW5|&
843,Gill,gaimene@google.com,59,bU9@J1611
844,Odilia,oscuttnf@oakley.com,69,wQ7>Yb8
845,Aldis,aesilmonng@dmoz.org,19,wK8}*t
846,Ashley,ajaniaknh@netscape.com,9,"kZ3,<"
847,Ilyssa,iblewisni@fastcompany.com,97,jI1<jAERD
848,Amalita,ademichettinj@creativecommons.org,19,yN9.9u9h@
849,Salli,smandelnk@shutterfly.com,44,dV0#k1
850,Norine,npontenl@mayoclinic.com,83,"sW6&3c)io,"
851,Julio,jamiablenm@cnn.com,27,hH1$c)83
852,Ruggiero,rgollardnn@weebly.com,26,rO6*KVSa)
853,Dawna,dnormandaleno@miitbeian.gov.cn,18,nB9/w
854,Shane,sbamseynp@elegantthemes.com,39,aB7&\R*t
855,Constanta,cpearcehousenq@bluehost.com,23,uL9\sk
856,Roxie,rnockellsnr@rediff.com,94,fS8|.9V
857,Philis,ptorransns@huffingtonpost.com,19,uF1&W95'NQ
858,Kain,kbwyent@blogtalkradio.com,42,oQ3>3IV
859,Ileane,isaxonnu@qq.com,44,dS0.+|
860,Jamil,jgazeynv@seesaa.net,4,wA5>yk3q>
861,Sibley,swoodvinenw@oaic.gov.au,13,"jY1,1rb"
862,Haily,hyatesnx@msn.com,46,yS6$N
863,Wanda,wmulhillny@reverbnation.com,54,"bD8""x""a"
864,Corrine,ccasenz@naver.com,33,jN8*a
865,Judd,jjeffcoato0@walmart.com,29,"fA1,mz&$6"
866,Ketty,kdesauro1@dailymotion.com,38,"wA0%n4?0a,"
867,Ainslee,ashuggo2@bluehost.com,88,sI4=M.JMC&
868,Staffard,sgeraulto3@blog.com,14,pL2$Uj1q\g
869,Kathi,kadairo4@ocn.ne.jp,54,uV0'\
870,Erwin,eheaffeyo5@cbc.ca,11,"kU2?#1(""L"
871,Jacklin,jlilleymano6@netscape.com,3,uN4)@Q!zJ
872,Hillie,hblampiedo7@bloomberg.com,67,tR7#Am8?Sg
873,Nicolea,nkiosselo8@woothemes.com,59,tI6$jvs
874,Othilia,okoppenso9@microsoft.com,41,rA6.3
875,Errick,ealwoodoa@guardian.co.uk,68,"vD9{""sP{"
876,Torey,tfomichyovob@apple.com,31,kR4%n
877,Giorgia,gnawtonoc@cnbc.com,48,rA7@#8c~TO
878,Alfy,aarchdeaconod@so-net.ne.jp,76,"pU0}QU""k"
879,Fanchette,fjiranekoe@taobao.com,8,mZ7(MfJ&on
880,Rebecka,rdrinkhallof@unicef.org,34,zC2'Y?TMAA
881,Georg,gramaog@java.com,78,jP2%l14w
882,Floyd,fsarsonoh@myspace.com,13,rF1/*
883,Arlette,acrewoi@howstuffworks.com,8,bW6|1uG@
884,Fanchette,fpetreczoj@yelp.com,59,vI2$SmOFFW
885,Boyce,bpearseok@fastcompany.com,74,sF1_oBLs
886,Cass,cswindellsol@clickbank.net,41,"qT2,Jwg"
887,Jodi,jweallom@gravatar.com,92,cN4(@
888,George,gsteneron@unesco.org,5,iB2|$|BE
889,Selby,sveneuroo@timesonline.co.uk,18,eU0#3Dw
890,Lauraine,lmaseyop@hao123.com,67,bF8`DEQ
891,Hughie,hdibbsoq@intel.com,82,"gJ5""n"
892,Wallie,wlidgelyor@comsenz.com,94,bK6!>7
893,Tuesday,tancliffeos@de.vu,70,uC0#)Ed
894,Gerry,glashmarot@behance.net,27,oJ3'ZeR{
895,Kanya,kgockelerou@opensource.org,55,qK8{(`!C
896,Grady,gburrasov@devhub.com,55,xN3#ppW=
897,Morgen,maddieow@chron.com,27,dU1`VfNrBC
898,Dorisa,ddauberox@yelp.com,42,yP6/p
899,Candie,cpitchfordoy@netscape.com,72,"sH4,3wnuO)"
900,Chaddie,crowbothamoz@simplemachines.org,76,"mJ9#J|,e"
901,Zeb,zsnarttp0@toplist.cz,20,kZ2!s
902,Simone,sselwinp1@goodreads.com,43,lR5|!l
903,Nike,nhofnerp2@drupal.org,18,wV1+YA&C
904,Cris,ctiemanp3@samsung.com,15,tH1.k{%
905,Vicki,vmacpadenep4@msu.edu,15,vM9_@0wH=r
906,Lettie,lwylesp5@rediff.com,49,bA7'&Q+H
907,Christoforo,csaigerp6@prnewswire.com,70,rC2.eSn
908,Nicoline,nroyp7@rakuten.co.jp,71,pG1?S
909,Karoly,kphillisp8@hud.gov,56,dN2+@B$
910,Kaye,kortlerp9@fotki.com,58,mD8`TDM
911,Maximilien,mferreopa@dailymotion.com,79,"bX9?D""G%"
912,Dani,dabelespb@amazon.com,36,lK9$%Qwj3Q
913,Kelsey,khaggethpc@admin.ch,40,nP2%%
914,Timmie,tbaxstarpd@360.cn,48,iF2&nWs`bY
915,Maegan,mbagnellpe@bing.com,13,iU6=JNjPu
916,Kristian,klarosepf@1688.com,36,vR6~@i}
917,Leese,lsollettpg@topsy.com,17,vQ1}.'h
918,Luciano,ltimbsph@rakuten.co.jp,39,"hV5""'1fd"
919,Maritsa,mmcmenaminpi@angelfire.com,73,cL1!%Bc
920,Alvis,agaddespj@naver.com,30,oB2@G/i
921,Robinett,rchapellepk@freewebs.com,60,oD7(o5(
922,Michele,mstqueintainpl@comsenz.com,86,xG7>giUlde
923,Gal,ghuettpm@jigsy.com,75,tQ1@T<Og
924,Kissee,knorledgepn@google.es,88,zU1`4lUjX
925,Kelvin,kgantzerpo@ucsd.edu,37,tJ5%)eaZh
926,Junia,jshonepp@mozilla.org,81,xA3#/Z!4_
927,Torrin,tjerroltpq@apple.com,43,jS2?8{1=?N
928,Wendeline,wanglisspr@miibeian.gov.cn,100,rO9$D$dO
929,Vi,vdythamps@google.es,14,lH5$BN
930,Bordy,bmarcombept@ezinearticles.com,89,"sA4""xS"
931,Lazare,lebdonpu@google.com.hk,91,eH4=P
932,Brennan,bcleifepv@noaa.gov,94,dL9.hDHi
933,Jordanna,jwyperpw@sina.com.cn,38,mV8..
934,Alli,asimacekpx@symantec.com,40,cE6(k
935,Alex,anowakpy@uiuc.edu,27,yC9>+
936,Pooh,pgomanpz@google.ca,91,iE0{}+?r
937,Brooks,bbambridgeq0@paypal.com,23,vL1>T1QA
938,Theodora,tstoakq1@bloomberg.com,7,eW3'8
939,Thadeus,tramosq2@nytimes.com,58,gG4$GZ{4sx
940,Willi,wbessomq3@a8.net,7,oI3}Pl
941,Skipp,sdyteq4@stumbleupon.com,38,iY4*bMGO&
942,Lizzie,lginnq5@chicagotribune.com,24,vI7|n
943,Ferguson,fgathwaiteq6@walmart.com,1,zU0#3qyh#&
944,Olive,omclardieq7@wsj.com,76,"yI9""s<"
945,Iseabal,istiellq8@hostgator.com,86,qR9!+cC
946,Christoffer,cdrinkhillq9@squidoo.com,13,fT2'mM!
947,Kingsley,kcondellqa@geocities.com,7,iS1>}X
948,Far,fkeuneqb@nba.com,16,jR5~)
949,Freda,fsibbeqc@blogtalkradio.com,28,rK4.F4x|z
950,Brade,bphilpsqd@tinypic.com,54,nK4&/f6L4x
951,Mechelle,mfosherqe@indiatimes.com,42,fX8\qULG
952,Glyn,gmorkhamqf@typepad.com,71,qI6~l
953,Dougy,dkempeqg@samsung.com,31,iX1)X8
954,Kort,karrowqh@state.gov,38,"yW2""@"
955,Anica,aspreadqi@ning.com,67,tA9'zn)/
956,Emilio,ejowittqj@buzzfeed.com,84,qV3{b\drXX
957,Benny,bharsnipeqk@com.com,82,gN2%.'7NTh
958,Sanders,sdouthwaiteql@blogs.com,41,eP8{E2q
959,Ambrosi,abuchamqm@instagram.com,40,mG5%acBM
960,Shellysheldon,sgiorgioneqn@usgs.gov,1,hC4?$2JTK
961,Pamella,psolomonidesqo@posterous.com,72,zS5*vLr
962,Sinclare,snelesqp@mozilla.org,9,zL3=Zc
963,Elden,etubridyqq@chron.com,16,vR4`ny
964,Harli,hdooleyqr@sciencedaily.com,82,"gJ7""6V1l"
965,Arturo,avealeqs@squidoo.com,1,sP8$<
966,Brennan,bbrongerqt@barnesandnoble.com,36,tL1/rJu
967,Ardelia,aleatesqu@tinypic.com,54,mX4?I&`{
968,Orren,opauluzziqv@mapquest.com,82,wA4)Sk*<gc
969,Mathe,mmckellenqw@bbc.co.uk,87,"fE8,~DAu"
970,Clementius,csteinhamqx@google.com.hk,9,bA8)JtDP0v
971,Rooney,rmathelyqy@army.mil,38,iN0)q)D1Vg
972,Giralda,gfloriqz@redcross.org,66,aY2<Pp/f
973,Torrey,tblackeyr0@bing.com,71,mD9@&O}2qB
974,Renae,rdurnianr1@symantec.com,55,aV3%$R+53.
975,Cristie,crennebeckr2@behance.net,55,wE7.W867D
976,Perle,pbuckbeer3@twitpic.com,59,cC1\N5
977,Burlie,bbrazearr4@msn.com,75,tC8'ZLUYq
978,Shurlocke,smalsherr5@toplist.cz,80,dU4%Y
979,Clarinda,cparcallr6@mapy.cz,8,lU3@VU(
980,Michell,mmullissr7@unicef.org,2,"rT2<""A"
981,Juanita,jpiquardr8@wufoo.com,64,eS1>sSm
982,Christabel,cshawcroftr9@purevolume.com,82,oQ2!FaR@\#
983,Dante,ddorranra@reference.com,30,lT7`P%5?
984,Sydney,scarragherrb@dyndns.org,58,"pB3,M?(,|"
985,Dasie,ddreweryrc@eventbrite.com,8,"zM6,?Bf=k"
986,Skippy,sdanielerd@examiner.com,22,tQ4#%|SZ+
987,Catarina,cmacveyre@ameblo.jp,51,fI5<=js3
988,Selina,sbransdonrf@ed.gov,95,wJ4\g
989,Peyter,pvinsonrg@yandex.ru,42,aB0/io
990,Rod,rcardozorh@ask.com,35,"fE9{P},~w3"
991,Rolland,rongeri@google.es,34,mM1\gPY
992,Herby,hspiersrj@google.it,81,"wS0=p"""
993,Melli,mwaggrk@unblog.fr,34,lR7%m
994,Viviyan,vlivingstonerl@oaic.gov.au,94,rH1<QK)Mr
995,Elisabet,estorkrm@homestead.com,56,gJ7{ObO>1
996,Coraline,ckurtonrn@weibo.com,44,sX5>n'wf5
997,Emlyn,ewogdenro@examiner.com,27,jY4(ko0`B
998,Emelyne,echellamrp@blogspot.com,8,jZ8%f
999,Beulah,biianonrq@dmoz.org,54,sB6*bkK
1000,Karla,kbeadnellrr@europa.eu,33,wC6.Ji
